Time,Latency (ms)
2024-01-25 04:05:33,N/A
2024-01-25 04:04:33,N/A
2024-01-25 04:03:33,N/A
2024-01-25 04:02:33,N/A
2024-01-25 04:01:33,N/A
2024-01-25 04:00:33,N/A
2024-01-25 03:59:33,N/A
2024-01-25 03:58:33,N/A
2024-01-25 03:57:33,N/A
2024-01-25 03:56:33,N/A
2024-01-25 03:55:33,N/A
2024-01-25 03:54:33,N/A
2024-01-25 03:53:33,N/A
2024-01-25 03:52:33,N/A
2024-01-25 03:51:33,N/A
2024-01-25 03:50:33,N/A
2024-01-25 03:49:33,N/A
2024-01-25 03:48:33,N/A
2024-01-25 03:47:33,N/A
2024-01-25 03:46:33,N/A
2024-01-25 03:45:33,N/A
2024-01-25 03:44:33,N/A
2024-01-25 03:43:33,N/A
2024-01-25 03:42:33,N/A
2024-01-25 03:41:33,N/A
2024-01-25 03:40:33,N/A
2024-01-25 03:39:33,N/A
2024-01-25 03:38:33,N/A
2024-01-25 03:37:33,N/A
2024-01-25 03:36:33,N/A
2024-01-25 03:35:33,N/A
2024-01-25 03:34:33,N/A
2024-01-25 03:33:33,N/A
2024-01-25 03:32:33,N/A
2024-01-25 03:31:33,N/A
2024-01-25 03:30:33,N/A
2024-01-25 03:29:33,N/A
2024-01-25 03:28:33,N/A
2024-01-25 03:27:33,N/A
2024-01-25 03:26:33,N/A
2024-01-25 03:25:33,N/A
2024-01-25 03:24:33,N/A
2024-01-25 03:23:33,N/A
2024-01-25 03:22:33,N/A
2024-01-25 03:21:33,N/A
2024-01-25 03:20:33,N/A
2024-01-25 03:19:33,N/A
2024-01-25 03:18:33,N/A
2024-01-25 03:17:33,N/A
2024-01-25 03:16:33,N/A
2024-01-25 03:15:33,N/A
2024-01-25 03:14:33,N/A
2024-01-25 03:13:33,N/A
2024-01-25 03:12:33,N/A
2024-01-25 03:11:33,N/A
2024-01-25 03:10:33,N/A
2024-01-25 03:09:33,N/A
2024-01-25 03:08:33,N/A
2024-01-25 03:07:33,N/A
2024-01-25 03:06:33,N/A
2024-01-25 03:05:33,N/A
2024-01-25 03:04:33,N/A
2024-01-25 03:03:33,N/A
2024-01-25 03:02:33,N/A
2024-01-25 03:01:33,N/A
2024-01-25 03:00:33,N/A
2024-01-25 02:59:33,N/A
2024-01-25 02:58:33,N/A
2024-01-25 02:57:33,N/A
2024-01-25 02:56:33,N/A
2024-01-25 02:55:33,N/A
2024-01-25 02:54:33,N/A
2024-01-25 02:53:33,N/A
2024-01-25 02:52:33,N/A
2024-01-25 02:51:33,N/A
2024-01-25 02:50:33,N/A
2024-01-25 02:49:33,N/A
2024-01-25 02:48:33,N/A
2024-01-25 02:47:33,N/A
2024-01-25 02:46:33,N/A
2024-01-25 02:45:33,N/A
2024-01-25 02:44:33,N/A
2024-01-25 02:43:33,N/A
2024-01-25 02:42:33,N/A
2024-01-25 02:41:33,N/A
2024-01-25 02:40:33,N/A
2024-01-25 02:39:33,N/A
2024-01-25 02:38:33,N/A
2024-01-25 02:37:33,N/A
2024-01-25 02:36:33,N/A
2024-01-25 02:35:33,N/A
2024-01-25 02:34:33,N/A
2024-01-25 02:33:33,N/A
2024-01-25 02:32:33,N/A
2024-01-25 02:31:33,N/A
2024-01-25 02:30:33,N/A
2024-01-25 02:29:33,N/A
2024-01-25 02:28:33,N/A
2024-01-25 02:27:33,N/A
2024-01-25 02:26:33,N/A
2024-01-25 02:25:33,N/A
2024-01-25 02:24:33,N/A
2024-01-25 02:23:33,N/A
2024-01-25 02:22:33,N/A
2024-01-25 02:21:33,N/A
2024-01-25 02:20:33,N/A
2024-01-25 02:19:33,N/A
2024-01-25 02:18:33,N/A
2024-01-25 02:17:33,N/A
2024-01-25 02:16:33,N/A
2024-01-25 02:15:33,N/A
2024-01-25 02:14:33,N/A
2024-01-25 02:13:33,N/A
2024-01-25 02:12:33,N/A
2024-01-25 02:11:33,N/A
2024-01-25 02:10:33,N/A
2024-01-25 02:09:33,N/A
2024-01-25 02:08:33,N/A
2024-01-25 02:07:33,N/A
2024-01-25 02:06:33,N/A
2024-01-25 02:05:33,N/A
2024-01-25 02:04:33,N/A
2024-01-25 02:03:33,N/A
2024-01-25 02:02:33,N/A
2024-01-25 02:01:33,N/A
2024-01-25 02:00:33,N/A
2024-01-25 01:59:33,N/A
2024-01-25 01:58:33,N/A
2024-01-25 01:57:33,N/A
2024-01-25 01:56:33,1756.2840000000003
2024-01-25 01:55:33,N/A
2024-01-25 01:54:33,N/A
2024-01-25 01:53:33,N/A
2024-01-25 01:52:33,N/A
2024-01-25 01:51:33,N/A
2024-01-25 01:50:33,N/A
2024-01-25 01:49:33,N/A
2024-01-25 01:48:33,N/A
2024-01-25 01:47:33,N/A
2024-01-25 01:46:33,N/A
2024-01-25 01:45:33,N/A
2024-01-25 01:44:33,N/A
2024-01-25 01:43:33,N/A
2024-01-25 01:42:33,N/A
2024-01-25 01:41:33,N/A
2024-01-25 01:40:33,N/A
2024-01-25 01:39:33,N/A
2024-01-25 01:38:33,N/A
2024-01-25 01:37:33,N/A
2024-01-25 01:36:33,N/A
2024-01-25 01:35:33,N/A
2024-01-25 01:34:33,N/A
2024-01-25 01:33:33,N/A
2024-01-25 01:32:33,N/A
2024-01-25 01:31:33,N/A
2024-01-25 01:30:33,N/A
2024-01-25 01:29:33,N/A
2024-01-25 01:28:33,N/A
2024-01-25 01:27:33,N/A
2024-01-25 01:26:33,N/A
2024-01-25 01:25:33,N/A
2024-01-25 01:24:33,N/A
2024-01-25 01:23:33,N/A
2024-01-25 01:22:33,N/A
2024-01-25 01:21:33,N/A
2024-01-25 01:20:33,N/A
2024-01-25 01:19:33,N/A
2024-01-25 01:18:33,N/A
2024-01-25 01:17:33,N/A
2024-01-25 01:16:33,N/A
2024-01-25 01:15:33,N/A
2024-01-25 01:14:33,N/A
2024-01-25 01:13:33,N/A
2024-01-25 01:12:33,N/A
2024-01-25 01:11:33,N/A
2024-01-25 01:10:33,N/A
2024-01-25 01:09:33,N/A
2024-01-25 01:08:33,N/A
2024-01-25 01:07:33,N/A
2024-01-25 01:06:33,N/A
2024-01-25 01:05:33,N/A
2024-01-25 01:04:33,N/A
2024-01-25 01:03:33,N/A
2024-01-25 01:02:33,N/A
2024-01-25 01:01:33,N/A
2024-01-25 01:00:33,N/A
2024-01-25 00:59:33,N/A
2024-01-25 00:58:33,N/A
2024-01-25 00:57:33,N/A
2024-01-25 00:56:33,N/A
2024-01-25 00:55:33,N/A
2024-01-25 00:54:33,N/A
2024-01-25 00:53:33,N/A
2024-01-25 00:52:33,N/A
2024-01-25 00:51:33,N/A
2024-01-25 00:50:33,N/A
2024-01-25 00:49:33,N/A
2024-01-25 00:48:33,N/A
2024-01-25 00:47:33,N/A
2024-01-25 00:46:33,N/A
2024-01-25 00:45:33,N/A
2024-01-25 00:44:33,N/A
2024-01-25 00:43:33,N/A
2024-01-25 00:42:33,N/A
2024-01-25 00:41:33,N/A
2024-01-25 00:40:33,N/A
2024-01-25 00:39:33,N/A
2024-01-25 00:38:33,N/A
2024-01-25 00:37:33,N/A
2024-01-25 00:36:33,N/A
2024-01-25 00:35:33,N/A
2024-01-25 00:34:33,N/A
2024-01-25 00:33:33,N/A
2024-01-25 00:32:33,N/A
2024-01-25 00:31:33,N/A
2024-01-25 00:30:33,N/A
2024-01-25 00:29:33,N/A
2024-01-25 00:28:33,N/A
2024-01-25 00:27:33,N/A
2024-01-25 00:26:33,N/A
2024-01-25 00:25:33,N/A
2024-01-25 00:24:33,N/A
2024-01-25 00:23:33,N/A
2024-01-25 00:22:33,N/A
2024-01-25 00:21:33,N/A
2024-01-25 00:20:33,N/A
2024-01-25 00:19:33,N/A
2024-01-25 00:18:33,N/A
2024-01-25 00:17:33,N/A
2024-01-25 00:16:33,N/A
2024-01-25 00:15:33,N/A
2024-01-25 00:14:33,N/A
2024-01-25 00:13:33,N/A
2024-01-25 00:12:33,N/A
2024-01-25 00:11:33,N/A
2024-01-25 00:10:33,N/A
2024-01-25 00:09:33,N/A
2024-01-25 00:08:33,N/A
2024-01-25 00:07:33,N/A
2024-01-25 00:06:33,N/A
2024-01-25 00:05:33,N/A
2024-01-25 00:04:33,N/A
2024-01-25 00:03:33,N/A
2024-01-25 00:02:33,N/A
2024-01-25 00:01:33,N/A
2024-01-25 00:00:33,N/A
2024-01-24 23:59:33,N/A
2024-01-24 23:58:33,N/A
2024-01-24 23:57:33,N/A
2024-01-24 23:56:33,N/A
2024-01-24 23:55:33,N/A
2024-01-24 23:54:33,N/A
2024-01-24 23:53:33,N/A
2024-01-24 23:52:33,N/A
2024-01-24 23:51:33,N/A
2024-01-24 23:50:33,N/A
2024-01-24 23:49:33,N/A
2024-01-24 23:48:33,N/A
2024-01-24 23:47:33,N/A
2024-01-24 23:46:33,N/A
2024-01-24 23:45:33,N/A
2024-01-24 23:44:33,N/A
2024-01-24 23:43:33,N/A
2024-01-24 23:42:33,N/A
2024-01-24 23:41:33,N/A
2024-01-24 23:40:33,N/A
2024-01-24 23:39:33,N/A
2024-01-24 23:38:33,N/A
2024-01-24 23:37:33,N/A
2024-01-24 23:36:33,N/A
2024-01-24 23:35:33,N/A
2024-01-24 23:34:33,N/A
2024-01-24 23:33:33,N/A
2024-01-24 23:32:33,N/A
2024-01-24 23:31:33,N/A
2024-01-24 23:30:33,N/A
2024-01-24 23:29:33,N/A
2024-01-24 23:28:33,N/A
2024-01-24 23:27:33,N/A
2024-01-24 23:26:33,N/A
2024-01-24 23:25:33,N/A
2024-01-24 23:24:33,N/A
2024-01-24 23:23:33,N/A
2024-01-24 23:22:33,1578.24
2024-01-24 23:21:33,N/A
2024-01-24 23:20:33,N/A
2024-01-24 23:19:33,N/A
2024-01-24 23:18:33,N/A
2024-01-24 23:17:33,N/A
2024-01-24 23:16:33,N/A
2024-01-24 23:15:33,N/A
2024-01-24 23:14:33,N/A
2024-01-24 23:13:33,N/A
2024-01-24 23:12:33,N/A
2024-01-24 23:11:33,N/A
2024-01-24 23:10:33,N/A
2024-01-24 23:09:33,N/A
2024-01-24 23:08:33,N/A
2024-01-24 23:07:33,N/A
2024-01-24 23:06:33,N/A
2024-01-24 23:05:33,N/A
2024-01-24 23:04:33,N/A
2024-01-24 23:03:33,N/A
2024-01-24 23:02:33,N/A
2024-01-24 23:01:33,N/A
2024-01-24 23:00:33,N/A
2024-01-24 22:59:33,N/A
2024-01-24 22:58:33,N/A
2024-01-24 22:57:33,N/A
2024-01-24 22:56:33,N/A
2024-01-24 22:55:33,N/A
2024-01-24 22:54:33,N/A
2024-01-24 22:53:33,N/A
2024-01-24 22:52:33,N/A
2024-01-24 22:51:33,N/A
2024-01-24 22:50:33,N/A
2024-01-24 22:49:33,N/A
2024-01-24 22:48:33,N/A
2024-01-24 22:47:33,N/A
2024-01-24 22:46:33,N/A
2024-01-24 22:45:33,N/A
2024-01-24 22:44:33,N/A
2024-01-24 22:43:33,N/A
2024-01-24 22:42:33,N/A
2024-01-24 22:41:33,N/A
2024-01-24 22:40:33,N/A
2024-01-24 22:39:33,N/A
2024-01-24 22:38:33,N/A
2024-01-24 22:37:33,N/A
2024-01-24 22:36:33,N/A
2024-01-24 22:35:33,N/A
2024-01-24 22:34:33,N/A
2024-01-24 22:33:33,N/A
2024-01-24 22:32:33,N/A
2024-01-24 22:31:33,N/A
2024-01-24 22:30:33,N/A
2024-01-24 22:29:33,N/A
2024-01-24 22:28:33,N/A
2024-01-24 22:27:33,N/A
2024-01-24 22:26:33,N/A
2024-01-24 22:25:33,N/A
2024-01-24 22:24:33,N/A
2024-01-24 22:23:33,N/A
2024-01-24 22:22:33,N/A
2024-01-24 22:21:33,N/A
2024-01-24 22:20:33,N/A
2024-01-24 22:19:33,N/A
2024-01-24 22:18:33,N/A
2024-01-24 22:17:33,N/A
2024-01-24 22:16:33,N/A
2024-01-24 22:15:33,N/A
2024-01-24 22:14:33,N/A
2024-01-24 22:13:33,N/A
2024-01-24 22:12:33,N/A
2024-01-24 22:11:33,N/A
2024-01-24 22:10:33,N/A
2024-01-24 22:09:33,N/A
2024-01-24 22:08:33,N/A
2024-01-24 22:07:33,N/A
2024-01-24 22:06:33,N/A
2024-01-24 22:05:33,N/A
2024-01-24 22:04:33,N/A
2024-01-24 22:03:33,N/A
2024-01-24 22:02:33,N/A
2024-01-24 22:01:33,N/A
2024-01-24 22:00:33,N/A
2024-01-24 21:59:33,N/A
2024-01-24 21:58:33,N/A
2024-01-24 21:57:33,N/A
2024-01-24 21:56:33,N/A
2024-01-24 21:55:33,N/A
2024-01-24 21:54:33,N/A
2024-01-24 21:53:33,N/A
2024-01-24 21:52:33,N/A
2024-01-24 21:51:33,N/A
2024-01-24 21:50:33,N/A
2024-01-24 21:49:33,N/A
2024-01-24 21:48:33,N/A
2024-01-24 21:47:33,N/A
2024-01-24 21:46:33,N/A
2024-01-24 21:45:33,N/A
2024-01-24 21:44:33,N/A
2024-01-24 21:43:33,N/A
2024-01-24 21:42:33,N/A
2024-01-24 21:41:33,N/A
2024-01-24 21:40:33,N/A
2024-01-24 21:39:33,N/A
2024-01-24 21:38:33,N/A
2024-01-24 21:37:33,N/A
2024-01-24 21:36:33,N/A
2024-01-24 21:35:33,N/A
2024-01-24 21:34:33,N/A
2024-01-24 21:33:33,N/A
2024-01-24 21:32:33,N/A
2024-01-24 21:31:33,N/A
2024-01-24 21:30:33,N/A
2024-01-24 21:29:33,N/A
2024-01-24 21:28:33,N/A
2024-01-24 21:27:33,N/A
2024-01-24 21:26:33,N/A
2024-01-24 21:25:33,N/A
2024-01-24 21:24:33,N/A
2024-01-24 21:23:33,N/A
2024-01-24 21:22:33,N/A
2024-01-24 21:21:33,N/A
2024-01-24 21:20:33,N/A
2024-01-24 21:19:33,N/A
2024-01-24 21:18:33,N/A
2024-01-24 21:17:33,N/A
2024-01-24 21:16:33,N/A
2024-01-24 21:15:33,N/A
2024-01-24 21:14:33,N/A
2024-01-24 21:13:33,N/A
2024-01-24 21:12:33,N/A
2024-01-24 21:11:33,N/A
2024-01-24 21:10:33,N/A
2024-01-24 21:09:33,N/A
2024-01-24 21:08:33,N/A
2024-01-24 21:07:33,N/A
2024-01-24 21:06:33,N/A
2024-01-24 21:05:33,N/A
2024-01-24 21:04:33,N/A
2024-01-24 21:03:33,N/A
2024-01-24 21:02:33,N/A
2024-01-24 21:01:33,N/A
2024-01-24 21:00:33,N/A
2024-01-24 20:59:33,N/A
2024-01-24 20:58:33,N/A
2024-01-24 20:57:33,N/A
2024-01-24 20:56:33,N/A
2024-01-24 20:55:33,N/A
2024-01-24 20:54:33,N/A
2024-01-24 20:53:33,N/A
2024-01-24 20:52:33,N/A
2024-01-24 20:51:33,N/A
2024-01-24 20:50:33,N/A
2024-01-24 20:49:33,N/A
2024-01-24 20:48:33,N/A
2024-01-24 20:47:33,N/A
2024-01-24 20:46:33,N/A
2024-01-24 20:45:33,N/A
2024-01-24 20:44:33,N/A
2024-01-24 20:43:33,N/A
2024-01-24 20:42:33,N/A
2024-01-24 20:41:33,N/A
2024-01-24 20:40:33,N/A
2024-01-24 20:39:33,N/A
2024-01-24 20:38:33,N/A
2024-01-24 20:37:33,N/A
2024-01-24 20:36:33,N/A
2024-01-24 20:35:33,N/A
2024-01-24 20:34:33,N/A
2024-01-24 20:33:33,N/A
2024-01-24 20:31:33,N/A
2024-01-24 20:30:33,N/A
2024-01-24 20:29:33,N/A
2024-01-24 20:28:33,N/A
2024-01-24 20:27:33,N/A
2024-01-24 20:26:33,N/A
2024-01-24 20:25:33,N/A
2024-01-24 20:24:33,N/A
2024-01-24 20:23:33,N/A
2024-01-24 20:22:33,N/A
2024-01-24 20:21:33,N/A
2024-01-24 20:20:33,N/A
2024-01-24 20:19:33,N/A
2024-01-24 20:18:33,N/A
2024-01-24 20:17:33,N/A
2024-01-24 20:16:33,N/A
2024-01-24 20:15:33,N/A
2024-01-24 20:14:33,N/A
2024-01-24 20:13:33,N/A
2024-01-24 20:12:33,N/A
2024-01-24 20:11:33,N/A
2024-01-24 20:10:33,N/A
2024-01-24 20:09:33,N/A
2024-01-24 20:08:33,N/A
2024-01-24 20:07:33,N/A
2024-01-24 20:06:33,N/A
2024-01-24 20:05:33,N/A
2024-01-24 20:04:33,N/A
2024-01-24 20:03:33,N/A
2024-01-24 20:02:33,N/A
2024-01-24 20:01:33,N/A
2024-01-24 20:00:33,N/A
2024-01-24 19:59:33,N/A
2024-01-24 19:58:33,N/A
2024-01-24 19:57:33,N/A
2024-01-24 19:56:33,N/A
2024-01-24 19:55:33,N/A
2024-01-24 19:54:33,N/A
2024-01-24 19:53:33,N/A
2024-01-24 19:52:33,N/A
2024-01-24 19:51:33,N/A
2024-01-24 19:50:33,N/A
2024-01-24 19:49:33,N/A
2024-01-24 19:48:33,N/A
2024-01-24 19:47:33,N/A
2024-01-24 19:46:33,N/A
2024-01-24 19:45:33,N/A
2024-01-24 19:44:33,N/A
2024-01-24 19:43:33,N/A
2024-01-24 19:42:33,N/A
2024-01-24 19:41:33,N/A
2024-01-24 19:40:33,N/A
2024-01-24 19:39:33,N/A
2024-01-24 19:38:33,N/A
2024-01-24 19:37:33,N/A
2024-01-24 19:36:33,N/A
2024-01-24 19:35:33,N/A
2024-01-24 19:34:33,N/A
2024-01-24 19:33:33,N/A
2024-01-24 19:32:33,N/A
2024-01-24 19:31:33,N/A
2024-01-24 19:30:33,N/A
2024-01-24 19:29:33,N/A
2024-01-24 19:28:33,N/A
2024-01-24 19:27:33,N/A
2024-01-24 19:26:33,N/A
2024-01-24 19:25:33,N/A
2024-01-24 19:24:33,N/A
2024-01-24 19:23:33,N/A
2024-01-24 19:22:33,N/A
2024-01-24 19:21:33,N/A
2024-01-24 19:20:33,N/A
2024-01-24 19:19:33,N/A
2024-01-24 19:18:33,N/A
2024-01-24 19:17:33,N/A
2024-01-24 19:16:33,N/A
2024-01-24 19:15:33,N/A
2024-01-24 19:14:33,N/A
2024-01-24 19:13:33,N/A
2024-01-24 19:12:33,N/A
2024-01-24 19:11:33,1476.1419999999998
2024-01-24 19:10:33,N/A
2024-01-24 19:09:33,N/A
2024-01-24 19:08:33,N/A
2024-01-24 19:07:33,N/A
2024-01-24 19:06:33,N/A
2024-01-24 19:05:33,N/A
2024-01-24 19:04:33,N/A
2024-01-24 19:03:33,N/A
2024-01-24 19:02:33,N/A
2024-01-24 19:01:33,N/A
2024-01-24 19:00:33,N/A
2024-01-24 18:59:33,N/A
2024-01-24 18:58:33,N/A
2024-01-24 18:57:33,N/A
2024-01-24 18:56:33,N/A
2024-01-24 18:55:33,N/A
2024-01-24 18:54:33,N/A
2024-01-24 18:53:33,N/A
2024-01-24 18:52:33,N/A
2024-01-24 18:51:33,N/A
2024-01-24 18:50:33,N/A
2024-01-24 18:49:33,N/A
2024-01-24 18:48:33,N/A
2024-01-24 18:47:33,N/A
2024-01-24 18:46:33,N/A
2024-01-24 18:45:33,N/A
2024-01-24 18:44:33,N/A
2024-01-24 18:43:33,N/A
2024-01-24 18:42:33,N/A
2024-01-24 18:41:33,N/A
2024-01-24 18:40:33,N/A
2024-01-24 18:39:33,N/A
2024-01-24 18:38:33,N/A
2024-01-24 18:37:33,N/A
2024-01-24 18:36:33,N/A
2024-01-24 18:35:33,N/A
2024-01-24 18:34:33,N/A
2024-01-24 18:33:33,N/A
2024-01-24 18:32:33,N/A
2024-01-24 18:31:33,N/A
2024-01-24 18:30:33,N/A
2024-01-24 18:29:33,N/A
2024-01-24 18:28:33,N/A
2024-01-24 18:27:33,N/A
2024-01-24 18:26:33,N/A
2024-01-24 18:25:33,N/A
2024-01-24 18:24:33,N/A
2024-01-24 18:23:33,N/A
2024-01-24 18:22:33,N/A
2024-01-24 18:21:33,N/A
2024-01-24 18:20:33,N/A
2024-01-24 18:19:33,N/A
2024-01-24 18:18:33,N/A
2024-01-24 18:17:33,N/A
2024-01-24 18:16:33,N/A
2024-01-24 18:15:33,N/A
2024-01-24 18:14:33,N/A
2024-01-24 18:13:33,N/A
2024-01-24 18:12:33,N/A
2024-01-24 18:11:33,N/A
2024-01-24 18:10:33,N/A
2024-01-24 18:09:33,N/A
2024-01-24 18:08:33,N/A
2024-01-24 18:07:33,N/A
2024-01-24 18:06:33,N/A
2024-01-24 18:05:33,N/A
2024-01-24 18:04:33,N/A
2024-01-24 18:03:33,N/A
2024-01-24 18:02:33,N/A
2024-01-24 18:01:33,N/A
2024-01-24 18:00:33,N/A
2024-01-24 17:59:33,N/A
2024-01-24 17:58:33,N/A
2024-01-24 17:57:33,N/A
2024-01-24 17:56:33,N/A
2024-01-24 17:55:33,N/A
2024-01-24 17:54:33,N/A
2024-01-24 17:53:33,N/A
2024-01-24 17:52:33,N/A
2024-01-24 17:51:33,N/A
2024-01-24 17:50:33,N/A
2024-01-24 17:49:33,N/A
2024-01-24 17:48:33,N/A
2024-01-24 17:47:33,N/A
2024-01-24 17:46:33,N/A
2024-01-24 17:45:33,N/A
2024-01-24 17:44:33,N/A
2024-01-24 17:43:33,N/A
2024-01-24 17:42:33,N/A
2024-01-24 17:41:33,N/A
2024-01-24 17:40:33,N/A
2024-01-24 17:39:33,N/A
2024-01-24 17:38:33,N/A
2024-01-24 17:37:33,N/A
2024-01-24 17:36:33,N/A
2024-01-24 17:35:33,1590.9500000000003
2024-01-24 17:34:33,N/A
2024-01-24 17:33:33,N/A
2024-01-24 17:32:33,N/A
2024-01-24 17:31:33,N/A
2024-01-24 17:30:33,N/A
2024-01-24 17:29:33,N/A
2024-01-24 17:28:33,N/A
2024-01-24 17:27:33,N/A
2024-01-24 17:26:33,N/A
2024-01-24 17:25:33,N/A
2024-01-24 17:24:33,N/A
2024-01-24 17:23:33,N/A
2024-01-24 17:22:33,N/A
2024-01-24 17:21:33,N/A
2024-01-24 17:20:33,N/A
2024-01-24 17:19:33,N/A
2024-01-24 17:18:33,N/A
2024-01-24 17:17:33,N/A
2024-01-24 17:16:33,N/A
2024-01-24 17:15:33,N/A
2024-01-24 17:14:33,N/A
2024-01-24 17:13:33,N/A
2024-01-24 17:12:33,N/A
2024-01-24 17:11:33,N/A
2024-01-24 17:10:33,N/A
2024-01-24 17:09:33,N/A
2024-01-24 17:08:33,N/A
2024-01-24 17:07:33,N/A
2024-01-24 17:06:33,N/A
2024-01-24 17:05:33,N/A
2024-01-24 17:04:33,N/A
2024-01-24 17:03:33,N/A
2024-01-24 17:02:33,N/A
2024-01-24 17:01:33,N/A
2024-01-24 17:00:33,N/A
2024-01-24 16:59:33,N/A
2024-01-24 16:58:33,N/A
2024-01-24 16:57:33,N/A
2024-01-24 16:56:33,N/A
2024-01-24 16:55:33,N/A
2024-01-24 16:54:33,N/A
2024-01-24 16:53:33,N/A
2024-01-24 16:52:33,N/A
2024-01-24 16:51:33,N/A
2024-01-24 16:50:33,N/A
2024-01-24 16:49:33,N/A
2024-01-24 16:48:33,N/A
2024-01-24 16:47:33,N/A
2024-01-24 16:46:33,N/A
2024-01-24 16:45:33,N/A
2024-01-24 16:44:33,N/A
2024-01-24 16:43:33,N/A
2024-01-24 16:42:33,N/A
2024-01-24 16:41:33,N/A
2024-01-24 16:40:33,N/A
2024-01-24 16:39:33,N/A
2024-01-24 16:38:33,N/A
2024-01-24 16:37:33,N/A
2024-01-24 16:36:33,N/A
2024-01-24 16:35:33,N/A
2024-01-24 16:34:33,N/A
2024-01-24 16:33:33,N/A
2024-01-24 16:32:33,N/A
2024-01-24 16:31:33,N/A
2024-01-24 16:30:33,N/A
2024-01-24 16:29:33,N/A
2024-01-24 16:28:33,N/A
2024-01-24 16:27:33,N/A
2024-01-24 16:26:33,N/A
2024-01-24 16:25:33,N/A
2024-01-24 16:24:33,N/A
2024-01-24 16:23:33,N/A
2024-01-24 16:22:33,N/A
2024-01-24 16:21:33,N/A
2024-01-24 16:20:33,N/A
2024-01-24 16:19:33,N/A
2024-01-24 16:18:33,N/A
2024-01-24 16:17:33,N/A
2024-01-24 16:16:33,N/A
2024-01-24 16:15:33,N/A
2024-01-24 16:14:33,N/A
2024-01-24 16:13:33,N/A
2024-01-24 16:12:33,N/A
2024-01-24 16:11:33,N/A
2024-01-24 16:10:33,N/A
2024-01-24 16:09:33,N/A
2024-01-24 16:08:33,N/A
2024-01-24 16:07:33,N/A
2024-01-24 16:06:33,N/A
2024-01-24 16:05:33,N/A
2024-01-24 16:04:33,N/A
2024-01-24 16:03:33,N/A
2024-01-24 16:02:33,N/A
2024-01-24 16:01:33,N/A
2024-01-24 16:00:33,N/A
2024-01-24 15:59:33,N/A
2024-01-24 15:58:33,N/A
2024-01-24 15:57:33,N/A
2024-01-24 15:56:33,N/A
2024-01-24 15:55:33,N/A
2024-01-24 15:54:33,N/A
2024-01-24 15:53:33,N/A
2024-01-24 15:52:33,N/A
2024-01-24 15:51:33,N/A
2024-01-24 15:50:33,N/A
2024-01-24 15:49:33,N/A
2024-01-24 15:48:33,N/A
2024-01-24 15:47:33,N/A
2024-01-24 15:46:33,N/A
2024-01-24 15:45:33,N/A
2024-01-24 15:44:33,N/A
2024-01-24 15:43:33,N/A
2024-01-24 15:42:33,N/A
2024-01-24 15:41:33,N/A
2024-01-24 15:40:33,N/A
2024-01-24 15:39:33,N/A
2024-01-24 15:38:33,N/A
2024-01-24 15:37:33,N/A
2024-01-24 15:36:33,N/A
2024-01-24 15:35:33,N/A
2024-01-24 15:34:33,N/A
2024-01-24 15:33:33,N/A
2024-01-24 15:32:33,N/A
2024-01-24 15:31:33,N/A
2024-01-24 15:30:33,N/A
2024-01-24 15:29:33,N/A
2024-01-24 15:28:33,N/A
2024-01-24 15:27:33,N/A
2024-01-24 15:26:33,N/A
2024-01-24 15:25:33,N/A
2024-01-24 15:24:33,N/A
2024-01-24 15:23:33,N/A
2024-01-24 15:22:33,N/A
2024-01-24 15:21:33,N/A
2024-01-24 15:20:33,N/A
2024-01-24 15:19:33,N/A
2024-01-24 15:18:33,N/A
2024-01-24 15:17:33,N/A
2024-01-24 15:16:33,N/A
2024-01-24 15:15:33,N/A
2024-01-24 15:14:33,N/A
2024-01-24 15:13:33,N/A
2024-01-24 15:12:33,N/A
2024-01-24 15:11:33,N/A
2024-01-24 15:10:33,N/A
2024-01-24 15:09:33,N/A
2024-01-24 15:08:33,N/A
2024-01-24 15:07:33,1359.755
2024-01-24 15:06:33,N/A
2024-01-24 15:05:33,N/A
2024-01-24 15:04:33,N/A
2024-01-24 15:03:33,N/A
2024-01-24 15:02:33,N/A
2024-01-24 15:01:33,N/A
2024-01-24 15:00:33,N/A
2024-01-24 14:59:33,N/A
2024-01-24 14:58:33,N/A
2024-01-24 14:57:33,N/A
2024-01-24 14:56:33,N/A
2024-01-24 14:55:33,N/A
2024-01-24 14:54:33,N/A
2024-01-24 14:53:33,N/A
2024-01-24 14:52:33,N/A
2024-01-24 14:51:33,N/A
2024-01-24 14:50:33,N/A
2024-01-24 14:49:33,N/A
2024-01-24 14:48:33,N/A
2024-01-24 14:47:33,N/A
2024-01-24 14:46:33,N/A
2024-01-24 14:45:33,N/A
2024-01-24 14:44:33,N/A
2024-01-24 14:43:33,N/A
2024-01-24 14:42:33,N/A
2024-01-24 14:41:33,N/A
2024-01-24 14:40:33,N/A
2024-01-24 14:39:33,N/A
2024-01-24 14:38:33,N/A
2024-01-24 14:37:33,N/A
2024-01-24 14:36:33,N/A
2024-01-24 14:35:33,N/A
2024-01-24 14:34:33,N/A
2024-01-24 14:33:33,N/A
2024-01-24 14:32:33,N/A
2024-01-24 14:31:33,N/A
2024-01-24 14:30:33,N/A
2024-01-24 14:29:33,N/A
2024-01-24 14:28:33,N/A
2024-01-24 14:27:33,N/A
2024-01-24 14:26:33,N/A
2024-01-24 14:25:33,N/A
2024-01-24 14:24:33,N/A
2024-01-24 14:23:33,N/A
2024-01-24 14:22:33,N/A
2024-01-24 14:21:33,N/A
2024-01-24 14:20:33,N/A
2024-01-24 14:19:33,N/A
2024-01-24 14:18:33,N/A
2024-01-24 14:17:33,N/A
2024-01-24 14:16:33,N/A
2024-01-24 14:15:33,N/A
2024-01-24 14:14:33,N/A
2024-01-24 14:13:33,N/A
2024-01-24 14:12:33,N/A
2024-01-24 14:10:33,N/A
2024-01-24 14:09:33,N/A
2024-01-24 14:08:33,N/A
2024-01-24 14:06:33,N/A
2024-01-24 14:05:33,N/A
2024-01-24 14:04:33,N/A
2024-01-24 14:03:33,N/A
2024-01-24 14:02:33,N/A
2024-01-24 14:01:33,N/A
2024-01-24 14:00:33,N/A
2024-01-24 13:59:33,N/A
2024-01-24 13:58:33,N/A
2024-01-24 13:57:33,N/A
2024-01-24 13:56:33,N/A
2024-01-24 13:55:33,N/A
2024-01-24 13:54:33,N/A
2024-01-24 13:53:33,N/A
2024-01-24 13:52:33,N/A
2024-01-24 13:51:33,N/A
2024-01-24 13:50:33,N/A
2024-01-24 13:49:33,N/A
2024-01-24 13:48:33,N/A
2024-01-24 13:47:33,N/A
2024-01-24 13:46:33,N/A
2024-01-24 13:45:33,N/A
2024-01-24 13:44:33,N/A
2024-01-24 13:43:33,N/A
2024-01-24 13:42:33,N/A
2024-01-24 13:41:33,N/A
2024-01-24 13:40:33,N/A
2024-01-24 13:39:33,N/A
2024-01-24 13:38:33,N/A
2024-01-24 13:37:33,N/A
2024-01-24 13:36:33,N/A
2024-01-24 13:35:33,N/A
2024-01-24 13:34:33,N/A
2024-01-24 13:33:33,N/A
2024-01-24 13:32:33,N/A
2024-01-24 13:31:33,N/A
2024-01-24 13:30:33,N/A
2024-01-24 13:29:33,N/A
2024-01-24 13:28:33,N/A
2024-01-24 13:27:33,N/A
2024-01-24 13:26:33,N/A
2024-01-24 13:25:33,N/A
2024-01-24 13:24:33,N/A
2024-01-24 13:23:33,N/A
2024-01-24 13:22:33,N/A
2024-01-24 13:21:33,N/A
2024-01-24 13:20:33,N/A
2024-01-24 13:19:33,N/A
2024-01-24 13:18:33,N/A
2024-01-24 13:17:33,N/A
2024-01-24 13:16:33,N/A
2024-01-24 13:15:33,N/A
2024-01-24 13:14:33,N/A
2024-01-24 13:13:33,N/A
2024-01-24 13:12:33,N/A
2024-01-24 13:11:33,N/A
2024-01-24 13:10:33,N/A
2024-01-24 13:09:33,N/A
2024-01-24 13:08:33,N/A
2024-01-24 13:07:33,N/A
2024-01-24 13:06:33,N/A
2024-01-24 13:05:33,N/A
2024-01-24 13:04:33,N/A
2024-01-24 13:03:33,N/A
2024-01-24 13:02:33,N/A
2024-01-24 13:01:33,N/A
2024-01-24 13:00:33,N/A
2024-01-24 12:59:33,N/A
2024-01-24 12:58:33,N/A
2024-01-24 12:57:33,N/A
2024-01-24 12:56:33,N/A
2024-01-24 12:55:33,N/A
2024-01-24 12:54:33,N/A
2024-01-24 12:53:33,N/A
2024-01-24 12:52:33,N/A
2024-01-24 12:51:33,N/A
2024-01-24 12:50:33,N/A
2024-01-24 12:49:33,N/A
2024-01-24 12:48:33,N/A
2024-01-24 12:47:33,N/A
2024-01-24 12:46:33,N/A
2024-01-24 12:45:33,N/A
2024-01-24 12:44:33,N/A
2024-01-24 12:43:33,N/A
2024-01-24 12:42:33,N/A
2024-01-24 12:41:33,N/A
2024-01-24 12:40:33,N/A
2024-01-24 12:39:33,N/A
2024-01-24 12:38:33,N/A
2024-01-24 12:37:33,N/A
2024-01-24 12:36:33,N/A
2024-01-24 12:35:33,N/A
2024-01-24 12:34:33,N/A
2024-01-24 12:33:33,N/A
2024-01-24 12:32:33,N/A
2024-01-24 12:31:33,N/A
2024-01-24 12:30:33,N/A
2024-01-24 12:29:33,N/A
2024-01-24 12:27:33,N/A
2024-01-24 12:26:33,N/A
2024-01-24 12:25:33,N/A
2024-01-24 12:24:33,N/A
2024-01-24 12:23:33,N/A
2024-01-24 12:22:33,N/A
2024-01-24 12:21:33,N/A
2024-01-24 12:20:33,N/A
2024-01-24 12:19:33,N/A
2024-01-24 12:18:33,N/A
2024-01-24 12:17:33,N/A
2024-01-24 12:16:33,N/A
2024-01-24 12:15:33,N/A
2024-01-24 12:14:33,N/A
2024-01-24 12:13:33,N/A
2024-01-24 12:12:33,N/A
2024-01-24 12:11:33,N/A
2024-01-24 12:10:33,N/A
2024-01-24 12:09:33,N/A
2024-01-24 12:08:33,N/A
2024-01-24 12:07:33,N/A
2024-01-24 12:06:33,N/A
2024-01-24 12:05:33,N/A
2024-01-24 12:04:33,N/A
2024-01-24 12:03:33,N/A
2024-01-24 12:02:33,N/A
2024-01-24 12:01:33,N/A
2024-01-24 12:00:33,N/A
2024-01-24 11:59:33,N/A
2024-01-24 11:58:33,N/A
2024-01-24 11:57:33,N/A
2024-01-24 11:56:33,N/A
2024-01-24 11:55:33,N/A
2024-01-24 11:54:33,N/A
2024-01-24 11:53:33,N/A
2024-01-24 11:52:33,N/A
2024-01-24 11:51:33,N/A
2024-01-24 11:50:33,N/A
2024-01-24 11:49:33,N/A
2024-01-24 11:48:33,N/A
2024-01-24 11:47:33,N/A
2024-01-24 11:46:33,N/A
2024-01-24 11:45:33,N/A
2024-01-24 11:44:33,N/A
2024-01-24 11:43:33,N/A
2024-01-24 11:42:33,N/A
2024-01-24 11:41:33,N/A
2024-01-24 11:40:33,N/A
2024-01-24 11:39:33,N/A
2024-01-24 11:38:33,N/A
2024-01-24 11:37:33,N/A
2024-01-24 11:36:33,N/A
2024-01-24 11:35:33,N/A
2024-01-24 11:34:33,N/A
2024-01-24 11:33:33,N/A
2024-01-24 11:32:33,N/A
2024-01-24 11:31:33,N/A
2024-01-24 11:30:33,N/A
2024-01-24 11:29:33,N/A
2024-01-24 11:28:33,N/A
2024-01-24 11:27:33,N/A
2024-01-24 11:26:33,N/A
2024-01-24 11:25:33,N/A
2024-01-24 11:24:33,N/A
2024-01-24 11:23:33,N/A
2024-01-24 11:22:33,N/A
2024-01-24 11:21:33,N/A
2024-01-24 11:20:33,N/A
2024-01-24 11:19:33,N/A
2024-01-24 11:18:33,N/A
2024-01-24 11:17:33,N/A
2024-01-24 11:16:33,N/A
2024-01-24 11:15:33,N/A
2024-01-24 11:14:33,N/A
2024-01-24 11:13:33,N/A
2024-01-24 11:12:33,N/A
2024-01-24 11:11:33,N/A
2024-01-24 11:10:33,N/A
2024-01-24 11:09:33,N/A
2024-01-24 11:08:33,N/A
2024-01-24 11:07:33,N/A
2024-01-24 11:06:33,N/A
2024-01-24 11:05:33,N/A
2024-01-24 11:04:33,N/A
2024-01-24 11:03:33,N/A
2024-01-24 11:02:33,N/A
2024-01-24 11:01:33,N/A
2024-01-24 11:00:33,N/A
2024-01-24 10:59:33,N/A
2024-01-24 10:58:33,N/A
2024-01-24 10:57:33,N/A
2024-01-24 10:56:33,N/A
2024-01-24 10:55:33,N/A
2024-01-24 10:53:33,N/A
2024-01-24 10:52:33,N/A
2024-01-24 10:51:33,N/A
2024-01-24 10:50:33,N/A
2024-01-24 10:49:33,N/A
2024-01-24 10:48:33,N/A
2024-01-24 10:47:33,N/A
2024-01-24 10:46:33,N/A
2024-01-24 10:45:33,N/A
2024-01-24 10:44:33,N/A
2024-01-24 10:43:33,N/A
2024-01-24 10:42:33,N/A
2024-01-24 10:41:33,N/A
2024-01-24 10:40:33,N/A
2024-01-24 10:39:33,N/A
2024-01-24 10:38:33,N/A
2024-01-24 10:37:33,N/A
2024-01-24 10:36:33,N/A
2024-01-24 10:35:33,N/A
2024-01-24 10:34:33,N/A
2024-01-24 10:33:33,N/A
2024-01-24 10:32:33,N/A
2024-01-24 10:31:33,N/A
2024-01-24 10:30:33,N/A
2024-01-24 10:29:33,N/A
2024-01-24 10:28:33,N/A
2024-01-24 10:27:33,N/A
2024-01-24 10:26:33,N/A
2024-01-24 10:25:33,N/A
2024-01-24 10:24:33,N/A
2024-01-24 10:23:33,N/A
2024-01-24 10:22:33,N/A
2024-01-24 10:21:33,N/A
2024-01-24 10:20:33,N/A
2024-01-24 10:19:33,N/A
2024-01-24 10:18:33,N/A
2024-01-24 10:17:33,N/A
2024-01-24 10:16:33,N/A
2024-01-24 10:15:33,N/A
2024-01-24 10:14:33,N/A
2024-01-24 10:13:33,N/A
2024-01-24 10:12:33,N/A
2024-01-24 10:11:33,N/A
2024-01-24 10:10:33,N/A
2024-01-24 10:09:33,N/A
2024-01-24 10:08:33,N/A
2024-01-24 10:07:33,N/A
2024-01-24 10:06:33,N/A
2024-01-24 10:05:33,N/A
2024-01-24 10:04:33,N/A
2024-01-24 10:03:33,N/A
2024-01-24 10:02:33,N/A
2024-01-24 10:01:33,N/A
2024-01-24 10:00:33,N/A
2024-01-24 09:59:33,N/A
2024-01-24 09:58:33,N/A
2024-01-24 09:57:33,N/A
2024-01-24 09:56:33,N/A
2024-01-24 09:55:33,N/A
2024-01-24 09:54:33,N/A
2024-01-24 09:53:33,N/A
2024-01-24 09:52:33,N/A
2024-01-24 09:51:33,N/A
2024-01-24 09:50:33,N/A
2024-01-24 09:49:33,N/A
2024-01-24 09:48:33,N/A
2024-01-24 09:47:33,N/A
2024-01-24 09:46:33,N/A
2024-01-24 09:45:33,N/A
2024-01-24 09:44:33,N/A
2024-01-24 09:43:33,N/A
2024-01-24 09:42:33,N/A
2024-01-24 09:41:33,N/A
2024-01-24 09:40:33,N/A
2024-01-24 09:39:33,N/A
2024-01-24 09:38:33,N/A
2024-01-24 09:37:33,N/A
2024-01-24 09:36:33,N/A
2024-01-24 09:35:33,N/A
2024-01-24 09:34:33,N/A
2024-01-24 09:33:33,N/A
2024-01-24 09:32:33,N/A
2024-01-24 09:31:33,N/A
2024-01-24 09:30:33,N/A
2024-01-24 09:29:33,N/A
2024-01-24 09:28:33,N/A
2024-01-24 09:27:33,N/A
2024-01-24 09:26:33,N/A
2024-01-24 09:25:33,N/A
2024-01-24 09:24:33,N/A
2024-01-24 09:23:33,N/A
2024-01-24 09:22:33,N/A
2024-01-24 09:21:33,N/A
2024-01-24 09:20:33,N/A
2024-01-24 09:19:33,N/A
2024-01-24 09:18:33,N/A
2024-01-24 09:17:33,N/A
2024-01-24 09:16:33,N/A
2024-01-24 09:15:33,N/A
2024-01-24 09:14:33,N/A
2024-01-24 09:13:33,N/A
2024-01-24 09:12:33,N/A
2024-01-24 09:11:33,N/A
2024-01-24 09:10:33,N/A
2024-01-24 09:09:33,N/A
2024-01-24 09:08:33,1678.798
2024-01-24 09:07:33,N/A
2024-01-24 09:06:33,N/A
2024-01-24 09:05:33,N/A
2024-01-24 09:04:33,N/A
2024-01-24 09:03:33,N/A
2024-01-24 09:02:33,N/A
2024-01-24 09:01:33,N/A
2024-01-24 09:00:33,N/A
2024-01-24 08:59:33,N/A
2024-01-24 08:58:33,N/A
2024-01-24 08:57:33,N/A
2024-01-24 08:56:33,N/A
2024-01-24 08:55:33,N/A
2024-01-24 08:54:33,N/A
2024-01-24 08:53:33,N/A
2024-01-24 08:52:33,N/A
2024-01-24 08:51:33,N/A
2024-01-24 08:50:33,N/A
2024-01-24 08:49:33,N/A
2024-01-24 08:48:33,N/A
2024-01-24 08:47:33,N/A
2024-01-24 08:46:33,N/A
2024-01-24 08:45:33,N/A
2024-01-24 08:44:33,N/A
2024-01-24 08:43:33,N/A
2024-01-24 08:42:33,N/A
2024-01-24 08:41:33,N/A
2024-01-24 08:40:33,N/A
2024-01-24 08:39:33,N/A
2024-01-24 08:38:33,N/A
2024-01-24 08:37:33,N/A
2024-01-24 08:36:33,N/A
2024-01-24 08:35:33,N/A
2024-01-24 08:34:33,N/A
2024-01-24 08:33:33,N/A
2024-01-24 08:32:33,N/A
2024-01-24 08:31:33,N/A
2024-01-24 08:30:33,N/A
2024-01-24 08:29:33,N/A
2024-01-24 08:28:33,N/A
2024-01-24 08:27:33,N/A
2024-01-24 08:26:33,N/A
2024-01-24 08:25:33,N/A
2024-01-24 08:24:33,N/A
2024-01-24 08:23:33,N/A
2024-01-24 08:22:33,N/A
2024-01-24 08:21:33,N/A
2024-01-24 08:20:33,N/A
2024-01-24 08:19:33,N/A
2024-01-24 08:18:33,N/A
2024-01-24 08:17:33,N/A
2024-01-24 08:16:33,N/A
2024-01-24 08:15:33,N/A
2024-01-24 08:14:33,N/A
2024-01-24 08:13:33,N/A
2024-01-24 08:12:33,N/A
2024-01-24 08:11:33,N/A
2024-01-24 08:10:33,N/A
2024-01-24 08:09:33,N/A
2024-01-24 08:08:33,N/A
2024-01-24 08:07:33,N/A
2024-01-24 08:06:33,N/A
2024-01-24 08:05:33,N/A
2024-01-24 08:04:33,N/A
2024-01-24 08:03:33,N/A
2024-01-24 08:02:33,N/A
2024-01-24 08:01:33,N/A
2024-01-24 08:00:33,N/A
2024-01-24 07:59:33,N/A
2024-01-24 07:58:33,N/A
2024-01-24 07:57:33,N/A
2024-01-24 07:56:33,N/A
2024-01-24 07:55:33,N/A
2024-01-24 07:54:33,N/A
2024-01-24 07:53:33,N/A
2024-01-24 07:52:33,N/A
2024-01-24 07:51:33,N/A
2024-01-24 07:50:33,N/A
2024-01-24 07:49:33,N/A
2024-01-24 07:48:33,N/A
2024-01-24 07:47:33,N/A
2024-01-24 07:46:33,N/A
2024-01-24 07:45:33,N/A
2024-01-24 07:44:33,N/A
2024-01-24 07:43:33,N/A
2024-01-24 07:42:33,N/A
2024-01-24 07:41:33,N/A
2024-01-24 07:40:33,N/A
2024-01-24 07:39:33,N/A
2024-01-24 07:38:33,N/A
2024-01-24 07:37:33,N/A
2024-01-24 07:36:33,N/A
2024-01-24 07:35:33,N/A
2024-01-24 07:34:33,N/A
2024-01-24 07:33:33,N/A
2024-01-24 07:32:33,N/A
2024-01-24 07:31:33,N/A
2024-01-24 07:30:33,N/A
2024-01-24 07:29:33,N/A
2024-01-24 07:28:33,N/A
2024-01-24 07:27:33,N/A
2024-01-24 07:26:33,N/A
2024-01-24 07:25:33,N/A
2024-01-24 07:24:33,N/A
2024-01-24 07:23:33,N/A
2024-01-24 07:22:33,N/A
2024-01-24 07:21:33,N/A
2024-01-24 07:20:33,N/A
2024-01-24 07:19:33,N/A
2024-01-24 07:18:33,N/A
2024-01-24 07:17:33,N/A
2024-01-24 07:16:33,N/A
2024-01-24 07:15:33,N/A
2024-01-24 07:14:33,N/A
2024-01-24 07:13:33,N/A
2024-01-24 07:12:33,N/A
2024-01-24 07:11:33,N/A
2024-01-24 07:10:33,N/A
2024-01-24 07:09:33,N/A
2024-01-24 07:08:33,N/A
2024-01-24 07:07:33,N/A
2024-01-24 07:06:33,N/A
2024-01-24 07:05:33,N/A
2024-01-24 07:04:33,N/A
2024-01-24 07:03:33,N/A
2024-01-24 07:02:33,N/A
2024-01-24 07:01:33,N/A
2024-01-24 07:00:33,N/A
2024-01-24 06:59:33,N/A
2024-01-24 06:58:33,N/A
2024-01-24 06:57:33,N/A
2024-01-24 06:56:33,N/A
2024-01-24 06:55:33,N/A
2024-01-24 06:54:33,N/A
2024-01-24 06:53:33,N/A
2024-01-24 06:52:33,N/A
2024-01-24 06:51:33,N/A
2024-01-24 06:50:33,N/A
2024-01-24 06:49:33,N/A
2024-01-24 06:48:33,N/A
2024-01-24 06:47:33,N/A
2024-01-24 06:46:33,N/A
2024-01-24 06:45:33,N/A
2024-01-24 06:44:33,N/A
2024-01-24 06:43:33,N/A
2024-01-24 06:42:33,N/A
2024-01-24 06:41:33,N/A
2024-01-24 06:40:33,N/A
2024-01-24 06:39:33,N/A
2024-01-24 06:38:33,N/A
2024-01-24 06:37:33,N/A
2024-01-24 06:36:33,N/A
2024-01-24 06:35:33,N/A
2024-01-24 06:34:33,N/A
2024-01-24 06:33:33,N/A
2024-01-24 06:32:33,N/A
2024-01-24 06:31:33,N/A
2024-01-24 06:30:33,N/A
2024-01-24 06:29:33,N/A
2024-01-24 06:28:33,N/A
2024-01-24 06:27:33,N/A
2024-01-24 06:26:33,N/A
2024-01-24 06:25:33,N/A
2024-01-24 06:24:33,N/A
2024-01-24 06:23:33,N/A
2024-01-24 06:22:33,N/A
2024-01-24 06:21:33,N/A
2024-01-24 06:20:33,N/A
2024-01-24 06:19:33,N/A
2024-01-24 06:18:33,N/A
2024-01-24 06:17:33,N/A
2024-01-24 06:16:33,N/A
2024-01-24 06:15:33,N/A
2024-01-24 06:14:33,N/A
2024-01-24 06:13:33,N/A
2024-01-24 06:12:33,N/A
2024-01-24 06:11:33,N/A
2024-01-24 06:10:33,N/A
2024-01-24 06:09:33,N/A
2024-01-24 06:08:33,N/A
2024-01-24 06:07:33,N/A
2024-01-24 06:06:33,N/A
2024-01-24 06:05:33,N/A
2024-01-24 06:04:33,N/A
2024-01-24 06:03:33,N/A
2024-01-24 06:02:33,N/A
2024-01-24 06:01:33,N/A
2024-01-24 06:00:33,N/A
2024-01-24 05:59:33,N/A
2024-01-24 05:58:33,N/A
2024-01-24 05:57:33,N/A
2024-01-24 05:56:33,N/A
2024-01-24 05:55:33,N/A
2024-01-24 05:54:33,N/A
2024-01-24 05:53:33,N/A
2024-01-24 05:52:33,N/A
2024-01-24 05:51:33,N/A
2024-01-24 05:50:33,N/A
2024-01-24 05:49:33,N/A
2024-01-24 05:48:33,N/A
2024-01-24 05:47:33,N/A
2024-01-24 05:46:33,N/A
2024-01-24 05:45:33,N/A
2024-01-24 05:44:33,N/A
2024-01-24 05:43:33,N/A
2024-01-24 05:42:33,N/A
2024-01-24 05:41:33,N/A
2024-01-24 05:40:33,N/A
2024-01-24 05:39:33,N/A
2024-01-24 05:38:33,N/A
2024-01-24 05:37:33,N/A
2024-01-24 05:36:33,N/A
2024-01-24 05:35:33,N/A
2024-01-24 05:34:33,N/A
2024-01-24 05:33:33,N/A
2024-01-24 05:32:33,N/A
2024-01-24 05:31:33,N/A
2024-01-24 05:30:33,N/A
2024-01-24 05:29:33,N/A
2024-01-24 05:28:33,N/A
2024-01-24 05:27:33,N/A
2024-01-24 05:26:33,N/A
2024-01-24 05:25:33,N/A
2024-01-24 05:24:33,N/A
2024-01-24 05:23:33,N/A
2024-01-24 05:22:33,N/A
2024-01-24 05:21:33,N/A
2024-01-24 05:20:33,N/A
2024-01-24 05:19:33,N/A
2024-01-24 05:18:33,N/A
2024-01-24 05:17:33,N/A
2024-01-24 05:16:33,N/A
2024-01-24 05:15:33,N/A
2024-01-24 05:14:33,N/A
2024-01-24 05:13:33,N/A
2024-01-24 05:12:33,N/A
2024-01-24 05:11:33,N/A
2024-01-24 05:10:33,N/A
2024-01-24 05:09:33,N/A
2024-01-24 05:08:33,N/A
2024-01-24 05:07:33,N/A
2024-01-24 05:06:33,N/A
2024-01-24 05:05:33,N/A
2024-01-24 05:04:33,N/A
2024-01-24 05:03:33,N/A
2024-01-24 05:02:33,N/A
2024-01-24 05:01:33,N/A
2024-01-24 05:00:33,N/A
2024-01-24 04:59:33,N/A
2024-01-24 04:58:33,N/A
2024-01-24 04:57:33,N/A
2024-01-24 04:56:33,N/A
2024-01-24 04:55:33,N/A
2024-01-24 04:54:33,N/A
2024-01-24 04:53:33,N/A
2024-01-24 04:52:33,N/A
2024-01-24 04:51:33,N/A
2024-01-24 04:50:33,N/A
2024-01-24 04:49:33,N/A
2024-01-24 04:48:33,N/A
2024-01-24 04:47:33,N/A
2024-01-24 04:46:33,N/A
2024-01-24 04:45:33,N/A
2024-01-24 04:44:33,N/A
2024-01-24 04:43:33,N/A
2024-01-24 04:42:33,N/A
2024-01-24 04:41:33,N/A
2024-01-24 04:40:33,N/A
2024-01-24 04:39:33,N/A
2024-01-24 04:38:33,N/A
2024-01-24 04:37:33,N/A
2024-01-24 04:36:33,N/A
2024-01-24 04:35:33,N/A
2024-01-24 04:34:33,N/A
2024-01-24 04:33:33,N/A
2024-01-24 04:32:33,N/A
2024-01-24 04:31:33,N/A
2024-01-24 04:30:33,N/A
2024-01-24 04:29:33,N/A
2024-01-24 04:28:33,N/A
2024-01-24 04:27:33,N/A
2024-01-24 04:26:33,N/A
2024-01-24 04:25:33,N/A
2024-01-24 04:24:33,N/A
2024-01-24 04:23:33,N/A
2024-01-24 04:22:33,N/A
2024-01-24 04:21:33,N/A
2024-01-24 04:20:33,N/A
2024-01-24 04:19:33,N/A
2024-01-24 04:18:33,N/A
2024-01-24 04:17:33,N/A
2024-01-24 04:16:33,N/A
2024-01-24 04:15:33,N/A
2024-01-24 04:14:33,N/A
2024-01-24 04:13:33,N/A
2024-01-24 04:12:33,N/A
2024-01-24 04:11:33,N/A
2024-01-24 04:10:33,N/A
2024-01-24 04:09:33,N/A
2024-01-24 04:08:33,1463.244
2024-01-24 04:07:33,N/A
2024-01-24 04:06:33,N/A
2024-01-24 04:05:33,N/A
2024-01-24 04:04:33,N/A
2024-01-24 04:03:33,N/A
2024-01-24 04:02:33,N/A
2024-01-24 04:01:33,N/A
2024-01-24 04:00:33,N/A
2024-01-24 03:59:33,N/A
2024-01-24 03:58:33,N/A
2024-01-24 03:57:33,N/A
2024-01-24 03:56:33,N/A
2024-01-24 03:55:33,N/A
2024-01-24 03:54:33,N/A
2024-01-24 03:53:33,N/A
2024-01-24 03:52:33,N/A
2024-01-24 03:51:33,N/A
2024-01-24 03:50:33,N/A
2024-01-24 03:49:33,N/A
2024-01-24 03:48:33,N/A
2024-01-24 03:47:33,N/A
2024-01-24 03:46:33,N/A
2024-01-24 03:45:33,N/A
2024-01-24 03:44:33,N/A
2024-01-24 03:43:33,N/A
2024-01-24 03:42:33,N/A
2024-01-24 03:41:33,N/A
2024-01-24 03:40:33,N/A
2024-01-24 03:39:33,N/A
2024-01-24 03:38:33,N/A
2024-01-24 03:37:33,N/A
2024-01-24 03:36:33,N/A
2024-01-24 03:35:33,N/A
2024-01-24 03:34:33,N/A
2024-01-24 03:33:33,N/A
2024-01-24 03:32:33,N/A
2024-01-24 03:31:33,N/A
2024-01-24 03:30:33,N/A
2024-01-24 03:29:33,N/A
2024-01-24 03:28:33,N/A
2024-01-24 03:27:33,N/A
2024-01-24 03:26:33,N/A
2024-01-24 03:25:33,N/A
2024-01-24 03:24:33,N/A
2024-01-24 03:23:33,N/A
2024-01-24 03:22:33,N/A
2024-01-24 03:21:33,N/A
2024-01-24 03:20:33,N/A
2024-01-24 03:19:33,N/A
2024-01-24 03:18:33,N/A
2024-01-24 03:17:33,N/A
2024-01-24 03:16:33,N/A
2024-01-24 03:15:33,N/A
2024-01-24 03:14:33,N/A
2024-01-24 03:13:33,N/A
2024-01-24 03:12:33,N/A
2024-01-24 03:11:33,N/A
2024-01-24 03:10:33,N/A
2024-01-24 03:09:33,N/A
2024-01-24 03:08:33,N/A
2024-01-24 03:07:33,N/A
2024-01-24 03:06:33,N/A
2024-01-24 03:05:33,N/A
2024-01-24 03:04:33,N/A
2024-01-24 03:03:33,N/A
2024-01-24 03:02:33,N/A
2024-01-24 03:01:33,N/A
2024-01-24 03:00:33,N/A
2024-01-24 02:59:33,N/A
2024-01-24 02:58:33,N/A
2024-01-24 02:57:33,N/A
2024-01-24 02:56:33,N/A
2024-01-24 02:55:33,N/A
2024-01-24 02:54:33,N/A
2024-01-24 02:53:33,N/A
2024-01-24 02:52:33,N/A
2024-01-24 02:51:33,N/A
2024-01-24 02:50:33,N/A
2024-01-24 02:49:33,N/A
2024-01-24 02:48:33,N/A
2024-01-24 02:47:33,N/A
2024-01-24 02:46:33,N/A
2024-01-24 02:45:33,N/A
2024-01-24 02:44:33,N/A
2024-01-24 02:43:33,N/A
2024-01-24 02:42:33,N/A
2024-01-24 02:41:33,N/A
2024-01-24 02:40:33,N/A
2024-01-24 02:39:33,N/A
2024-01-24 02:38:33,N/A
2024-01-24 02:37:33,N/A
2024-01-24 02:36:33,N/A
2024-01-24 02:35:33,N/A
2024-01-24 02:34:33,N/A
2024-01-24 02:33:33,N/A
2024-01-24 02:32:33,N/A
2024-01-24 02:31:33,N/A
2024-01-24 02:30:33,N/A
2024-01-24 02:29:33,N/A
2024-01-24 02:28:33,N/A
2024-01-24 02:27:33,N/A
2024-01-24 02:26:33,N/A
2024-01-24 02:25:33,N/A
2024-01-24 02:24:33,N/A
2024-01-24 02:23:33,N/A
2024-01-24 02:22:33,N/A
2024-01-24 02:21:33,N/A
2024-01-24 02:20:33,N/A
2024-01-24 02:19:33,N/A
2024-01-24 02:18:33,N/A
2024-01-24 02:17:33,N/A
2024-01-24 02:16:33,N/A
2024-01-24 02:15:33,N/A
2024-01-24 02:14:33,N/A
2024-01-24 02:13:33,N/A
2024-01-24 02:12:33,N/A
2024-01-24 02:11:33,N/A
2024-01-24 02:10:33,N/A
2024-01-24 02:09:33,N/A
2024-01-24 02:08:33,N/A
2024-01-24 02:07:33,N/A
2024-01-24 02:06:33,N/A
2024-01-24 02:05:33,N/A
2024-01-24 02:04:33,N/A
2024-01-24 02:03:33,N/A
2024-01-24 02:02:33,N/A
2024-01-24 02:01:33,N/A
2024-01-24 02:00:33,N/A
2024-01-24 01:59:33,N/A
2024-01-24 01:58:33,N/A
2024-01-24 01:57:33,N/A
2024-01-24 01:56:33,N/A
2024-01-24 01:55:33,N/A
2024-01-24 01:54:33,N/A
2024-01-24 01:53:33,N/A
2024-01-24 01:52:33,N/A
2024-01-24 01:51:33,N/A
2024-01-24 01:50:33,N/A
2024-01-24 01:49:33,N/A
2024-01-24 01:48:33,N/A
2024-01-24 01:47:33,N/A
2024-01-24 01:46:33,N/A
2024-01-24 01:45:33,N/A
2024-01-24 01:44:33,N/A
2024-01-24 01:43:33,N/A
2024-01-24 01:42:33,N/A
2024-01-24 01:41:33,N/A
2024-01-24 01:40:33,N/A
2024-01-24 01:39:33,N/A
2024-01-24 01:38:33,N/A
2024-01-24 01:37:33,N/A
2024-01-24 01:36:33,N/A
2024-01-24 01:35:33,N/A
2024-01-24 01:34:33,N/A
2024-01-24 01:33:33,N/A
2024-01-24 01:32:33,N/A
2024-01-24 01:31:33,N/A
2024-01-24 01:30:33,N/A
2024-01-24 01:29:33,N/A
2024-01-24 01:28:33,N/A
2024-01-24 01:27:33,N/A
2024-01-24 01:26:33,N/A
2024-01-24 01:25:33,N/A
2024-01-24 01:24:33,N/A
2024-01-24 01:23:33,N/A
2024-01-24 01:22:33,N/A
2024-01-24 01:21:33,N/A
2024-01-24 01:20:33,N/A
2024-01-24 01:19:33,N/A
2024-01-24 01:18:33,N/A
2024-01-24 01:17:33,N/A
2024-01-24 01:16:33,N/A
2024-01-24 01:15:33,N/A
2024-01-24 01:14:33,N/A
2024-01-24 01:13:33,N/A
2024-01-24 01:12:33,N/A
2024-01-24 01:11:33,N/A
2024-01-24 01:10:33,N/A
2024-01-24 01:09:33,N/A
2024-01-24 01:08:33,N/A
2024-01-24 01:07:33,N/A
2024-01-24 01:06:33,N/A
2024-01-24 01:05:33,N/A
2024-01-24 01:04:33,N/A
2024-01-24 01:03:33,N/A
2024-01-24 01:02:33,N/A
2024-01-24 01:01:33,N/A
2024-01-24 01:00:33,N/A
2024-01-24 00:59:33,N/A
2024-01-24 00:58:33,N/A
2024-01-24 00:57:33,N/A
2024-01-24 00:56:33,N/A
2024-01-24 00:55:33,N/A
2024-01-24 00:54:33,N/A
2024-01-24 00:53:33,N/A
2024-01-24 00:52:33,N/A
2024-01-24 00:51:33,N/A
2024-01-24 00:50:33,N/A
2024-01-24 00:49:33,N/A
2024-01-24 00:48:33,N/A
2024-01-24 00:47:33,N/A
2024-01-24 00:46:33,N/A
2024-01-24 00:45:33,N/A
2024-01-24 00:44:33,N/A
2024-01-24 00:43:33,N/A
2024-01-24 00:42:33,N/A
2024-01-24 00:41:33,N/A
2024-01-24 00:40:33,N/A
2024-01-24 00:39:33,N/A
2024-01-24 00:38:33,N/A
2024-01-24 00:37:33,N/A
2024-01-24 00:36:33,N/A
2024-01-24 00:35:33,N/A
2024-01-24 00:34:33,N/A
2024-01-24 00:33:33,N/A
2024-01-24 00:32:33,N/A
2024-01-24 00:31:33,N/A
2024-01-24 00:30:33,N/A
2024-01-24 00:29:33,N/A
2024-01-24 00:28:33,N/A
2024-01-24 00:27:33,N/A
2024-01-24 00:26:33,N/A
2024-01-24 00:25:33,N/A
2024-01-24 00:24:33,N/A
2024-01-24 00:23:33,N/A
2024-01-24 00:22:33,N/A
2024-01-24 00:21:33,N/A
2024-01-24 00:20:33,N/A
2024-01-24 00:19:33,N/A
2024-01-24 00:18:33,N/A
2024-01-24 00:17:33,N/A
2024-01-24 00:16:33,N/A
2024-01-24 00:15:33,N/A
2024-01-24 00:14:33,N/A
2024-01-24 00:13:33,N/A
2024-01-24 00:12:33,N/A
2024-01-24 00:11:33,N/A
2024-01-24 00:10:33,N/A
2024-01-24 00:09:33,N/A
2024-01-24 00:08:33,N/A
2024-01-24 00:07:33,N/A
2024-01-24 00:06:33,N/A
2024-01-24 00:05:33,N/A
2024-01-24 00:04:33,N/A
2024-01-24 00:03:33,N/A
2024-01-24 00:02:33,N/A
2024-01-24 00:01:33,N/A
2024-01-24 00:00:33,N/A
2024-01-23 23:59:33,N/A
2024-01-23 23:58:33,1356.925
2024-01-23 23:57:33,N/A
2024-01-23 23:56:33,N/A
2024-01-23 23:55:33,N/A
2024-01-23 23:54:33,N/A
2024-01-23 23:53:33,N/A
2024-01-23 23:52:33,N/A
2024-01-23 23:51:33,N/A
2024-01-23 23:50:33,N/A
2024-01-23 23:49:33,N/A
2024-01-23 23:48:33,N/A
2024-01-23 23:47:33,N/A
2024-01-23 23:46:33,N/A
2024-01-23 23:45:33,N/A
2024-01-23 23:44:33,N/A
2024-01-23 23:43:33,N/A
2024-01-23 23:42:33,N/A
2024-01-23 23:41:33,N/A
2024-01-23 23:40:33,N/A
2024-01-23 23:39:33,N/A
2024-01-23 23:38:33,N/A
2024-01-23 23:37:33,N/A
2024-01-23 23:36:33,N/A
2024-01-23 23:35:33,N/A
2024-01-23 23:34:33,N/A
2024-01-23 23:33:33,N/A
2024-01-23 23:32:33,N/A
2024-01-23 23:31:33,N/A
2024-01-23 23:30:33,N/A
2024-01-23 23:29:33,N/A
2024-01-23 23:28:33,N/A
2024-01-23 23:27:33,N/A
2024-01-23 23:26:33,N/A
2024-01-23 23:25:33,N/A
2024-01-23 23:24:33,N/A
2024-01-23 23:23:33,N/A
2024-01-23 23:22:33,N/A
2024-01-23 23:21:33,N/A
2024-01-23 23:20:33,N/A
2024-01-23 23:19:33,N/A
2024-01-23 23:17:33,N/A
2024-01-23 23:16:33,N/A
2024-01-23 23:15:33,N/A
2024-01-23 23:14:33,N/A
2024-01-23 23:13:33,N/A
2024-01-23 23:12:33,N/A
2024-01-23 23:11:33,N/A
2024-01-23 23:10:33,N/A
2024-01-23 23:09:33,N/A
2024-01-23 23:08:33,N/A
2024-01-23 23:07:33,N/A
2024-01-23 23:06:33,N/A
2024-01-23 23:05:33,N/A
2024-01-23 23:04:33,N/A
2024-01-23 23:03:33,N/A
2024-01-23 23:02:33,N/A
2024-01-23 23:01:33,N/A
2024-01-23 23:00:33,N/A
2024-01-23 22:59:33,N/A
2024-01-23 22:58:33,N/A
2024-01-23 22:57:33,N/A
2024-01-23 22:56:33,N/A
2024-01-23 22:55:33,N/A
2024-01-23 22:54:33,N/A
2024-01-23 22:53:33,N/A
2024-01-23 22:52:33,N/A
2024-01-23 22:51:33,N/A
2024-01-23 22:50:33,N/A
2024-01-23 22:49:33,N/A
2024-01-23 22:48:33,N/A
2024-01-23 22:47:33,N/A
2024-01-23 22:46:33,N/A
2024-01-23 22:45:33,N/A
2024-01-23 22:44:33,N/A
2024-01-23 22:43:33,N/A
2024-01-23 22:42:33,N/A
2024-01-23 22:41:33,N/A
2024-01-23 22:40:33,N/A
2024-01-23 22:39:33,N/A
2024-01-23 22:38:33,N/A
2024-01-23 22:37:33,N/A
2024-01-23 22:36:33,N/A
2024-01-23 22:35:33,N/A
2024-01-23 22:34:33,N/A
2024-01-23 22:33:33,N/A
2024-01-23 22:32:33,N/A
2024-01-23 22:31:33,N/A
2024-01-23 22:30:33,N/A
2024-01-23 22:29:33,N/A
2024-01-23 22:28:33,N/A
2024-01-23 22:27:33,N/A
2024-01-23 22:26:33,N/A
2024-01-23 22:25:33,N/A
2024-01-23 22:24:33,N/A
2024-01-23 22:23:33,N/A
2024-01-23 22:22:33,N/A
2024-01-23 22:21:33,N/A
2024-01-23 22:20:33,N/A
2024-01-23 22:19:33,N/A
2024-01-23 22:18:33,N/A
2024-01-23 22:17:33,N/A
2024-01-23 22:16:33,N/A
2024-01-23 22:15:33,N/A
2024-01-23 22:14:33,N/A
2024-01-23 22:13:33,N/A
2024-01-23 22:12:33,N/A
2024-01-23 22:11:33,N/A
2024-01-23 22:10:33,N/A
2024-01-23 22:09:33,N/A
2024-01-23 22:08:33,N/A
2024-01-23 22:07:33,N/A
2024-01-23 22:06:33,N/A
2024-01-23 22:05:33,N/A
2024-01-23 22:04:33,N/A
2024-01-23 22:03:33,N/A
2024-01-23 22:02:33,N/A
2024-01-23 22:01:33,N/A
2024-01-23 22:00:33,N/A
2024-01-23 21:59:33,N/A
2024-01-23 21:58:33,N/A
2024-01-23 21:57:33,N/A
2024-01-23 21:56:33,N/A
2024-01-23 21:55:33,N/A
2024-01-23 21:54:33,N/A
2024-01-23 21:53:33,N/A
2024-01-23 21:52:33,N/A
2024-01-23 21:51:33,N/A
2024-01-23 21:50:33,N/A
2024-01-23 21:49:33,N/A
2024-01-23 21:48:33,N/A
2024-01-23 21:47:33,N/A
2024-01-23 21:46:33,N/A
2024-01-23 21:45:33,N/A
2024-01-23 21:44:33,N/A
2024-01-23 21:43:33,N/A
2024-01-23 21:42:33,N/A
2024-01-23 21:41:33,N/A
2024-01-23 21:40:33,N/A
2024-01-23 21:39:33,N/A
2024-01-23 21:38:33,N/A
2024-01-23 21:37:33,N/A
2024-01-23 21:36:33,N/A
2024-01-23 21:35:33,N/A
2024-01-23 21:34:33,N/A
2024-01-23 21:33:33,N/A
2024-01-23 21:32:33,N/A
2024-01-23 21:31:33,N/A
2024-01-23 21:30:33,N/A
2024-01-23 21:29:33,N/A
2024-01-23 21:28:33,N/A
2024-01-23 21:27:33,N/A
2024-01-23 21:26:33,N/A
2024-01-23 21:25:33,N/A
2024-01-23 21:24:33,N/A
2024-01-23 21:23:33,N/A
2024-01-23 21:22:33,N/A
2024-01-23 21:21:33,N/A
2024-01-23 21:20:33,N/A
2024-01-23 21:19:33,N/A
2024-01-23 21:18:33,N/A
2024-01-23 21:17:33,N/A
2024-01-23 21:16:33,N/A
2024-01-23 21:15:33,N/A
2024-01-23 21:14:33,N/A
2024-01-23 21:13:33,N/A
2024-01-23 21:12:33,N/A
2024-01-23 21:11:33,N/A
2024-01-23 21:10:33,N/A
2024-01-23 21:09:33,N/A
2024-01-23 21:08:33,N/A
2024-01-23 21:07:33,N/A
2024-01-23 21:06:33,N/A
2024-01-23 21:05:33,N/A
2024-01-23 21:04:33,N/A
2024-01-23 21:03:33,N/A
2024-01-23 21:02:33,N/A
2024-01-23 21:01:33,N/A
2024-01-23 21:00:33,N/A
2024-01-23 20:59:33,N/A
2024-01-23 20:58:33,N/A
2024-01-23 20:57:33,N/A
2024-01-23 20:56:33,N/A
2024-01-23 20:55:33,N/A
2024-01-23 20:54:33,N/A
2024-01-23 20:53:33,N/A
2024-01-23 20:52:33,N/A
2024-01-23 20:51:33,N/A
2024-01-23 20:50:33,N/A
2024-01-23 20:49:33,N/A
2024-01-23 20:48:33,N/A
2024-01-23 20:47:33,N/A
2024-01-23 20:46:33,N/A
2024-01-23 20:45:33,N/A
2024-01-23 20:44:33,N/A
2024-01-23 20:43:33,N/A
2024-01-23 20:42:33,N/A
2024-01-23 20:41:33,N/A
2024-01-23 20:40:33,1141.738
2024-01-23 20:39:33,N/A
2024-01-23 20:38:33,N/A
2024-01-23 20:37:33,N/A
2024-01-23 20:36:33,N/A
2024-01-23 20:35:33,N/A
2024-01-23 20:34:33,N/A
2024-01-23 20:33:33,N/A
2024-01-23 20:32:33,N/A
2024-01-23 20:31:33,N/A
2024-01-23 20:30:33,N/A
2024-01-23 20:29:33,N/A
2024-01-23 20:28:33,N/A
2024-01-23 20:27:33,N/A
2024-01-23 20:26:33,N/A
2024-01-23 20:25:33,N/A
2024-01-23 20:24:33,N/A
2024-01-23 20:23:33,N/A
2024-01-23 20:22:33,N/A
2024-01-23 20:21:33,N/A
2024-01-23 20:20:33,N/A
2024-01-23 20:19:33,N/A
2024-01-23 20:18:33,N/A
2024-01-23 20:17:33,N/A
2024-01-23 20:16:33,N/A
2024-01-23 20:15:33,N/A
2024-01-23 20:14:33,N/A
2024-01-23 20:13:33,N/A
2024-01-23 20:12:33,N/A
2024-01-23 20:11:33,N/A
2024-01-23 20:10:33,N/A
2024-01-23 20:09:33,N/A
2024-01-23 20:08:33,N/A
2024-01-23 20:07:33,N/A
2024-01-23 20:06:33,N/A
2024-01-23 20:05:33,N/A
2024-01-23 20:04:33,N/A
2024-01-23 20:03:33,N/A
2024-01-23 20:02:33,N/A
2024-01-23 20:01:33,N/A
2024-01-23 20:00:33,N/A
2024-01-23 19:59:33,N/A
2024-01-23 19:58:33,N/A
2024-01-23 19:57:33,N/A
2024-01-23 19:56:33,N/A
2024-01-23 19:55:33,N/A
2024-01-23 19:54:33,N/A
2024-01-23 19:53:33,N/A
2024-01-23 19:52:33,N/A
2024-01-23 19:51:33,N/A
2024-01-23 19:50:33,N/A
2024-01-23 19:49:33,N/A
2024-01-23 19:48:33,N/A
2024-01-23 19:47:33,N/A
2024-01-23 19:46:33,N/A
2024-01-23 19:45:33,N/A
2024-01-23 19:44:33,N/A
2024-01-23 19:43:33,N/A
2024-01-23 19:42:33,N/A
2024-01-23 19:41:33,N/A
2024-01-23 19:40:33,N/A
2024-01-23 19:39:33,N/A
2024-01-23 19:38:33,N/A
2024-01-23 19:37:33,N/A
2024-01-23 19:36:33,N/A
2024-01-23 19:35:33,N/A
2024-01-23 19:34:33,N/A
2024-01-23 19:33:33,N/A
2024-01-23 19:32:33,N/A
2024-01-23 19:31:33,N/A
2024-01-23 19:30:33,N/A
2024-01-23 19:29:33,N/A
2024-01-23 19:28:33,N/A
2024-01-23 19:27:33,N/A
2024-01-23 19:26:33,N/A
2024-01-23 19:25:33,N/A
2024-01-23 19:24:33,N/A
2024-01-23 19:23:33,N/A
2024-01-23 19:22:33,N/A
2024-01-23 19:21:33,N/A
2024-01-23 19:20:33,N/A
2024-01-23 19:19:33,N/A
2024-01-23 19:18:33,N/A
2024-01-23 19:17:33,N/A
2024-01-23 19:16:33,N/A
2024-01-23 19:15:33,N/A
2024-01-23 19:14:33,N/A
2024-01-23 19:13:33,N/A
2024-01-23 19:12:33,N/A
2024-01-23 19:11:33,N/A
2024-01-23 19:10:33,N/A
2024-01-23 19:09:33,N/A
2024-01-23 19:08:33,N/A
2024-01-23 19:07:33,N/A
2024-01-23 19:06:33,N/A
2024-01-23 19:05:33,N/A
2024-01-23 19:04:33,N/A
2024-01-23 19:03:33,N/A
2024-01-23 19:02:33,N/A
2024-01-23 19:01:33,N/A
2024-01-23 19:00:33,N/A
2024-01-23 18:59:33,N/A
2024-01-23 18:58:33,N/A
2024-01-23 18:57:33,N/A
2024-01-23 18:56:33,N/A
2024-01-23 18:55:33,N/A
2024-01-23 18:54:33,N/A
2024-01-23 18:53:33,N/A
2024-01-23 18:52:33,N/A
2024-01-23 18:51:33,N/A
2024-01-23 18:50:33,N/A
2024-01-23 18:49:33,N/A
2024-01-23 18:48:33,N/A
2024-01-23 18:47:33,N/A
2024-01-23 18:46:33,N/A
2024-01-23 18:45:33,N/A
2024-01-23 18:44:33,N/A
2024-01-23 18:43:33,N/A
2024-01-23 18:42:33,N/A
2024-01-23 18:41:33,N/A
2024-01-23 18:40:33,N/A
2024-01-23 18:39:33,N/A
2024-01-23 18:38:33,N/A
2024-01-23 18:37:33,N/A
2024-01-23 18:36:33,N/A
2024-01-23 18:35:33,N/A
2024-01-23 18:34:33,N/A
2024-01-23 18:33:33,N/A
2024-01-23 18:32:33,N/A
2024-01-23 18:31:33,N/A
2024-01-23 18:30:33,N/A
2024-01-23 18:29:33,N/A
2024-01-23 18:28:33,N/A
2024-01-23 18:27:33,N/A
2024-01-23 18:26:33,N/A
2024-01-23 18:25:33,N/A
2024-01-23 18:24:33,N/A
2024-01-23 18:23:33,N/A
2024-01-23 18:22:33,N/A
2024-01-23 18:21:33,N/A
2024-01-23 18:20:33,N/A
2024-01-23 18:19:33,N/A
2024-01-23 18:18:33,N/A
2024-01-23 18:17:33,N/A
2024-01-23 18:16:33,N/A
2024-01-23 18:15:33,N/A
2024-01-23 18:14:33,N/A
2024-01-23 18:13:33,N/A
2024-01-23 18:12:33,N/A
2024-01-23 18:11:33,N/A
2024-01-23 18:10:33,N/A
2024-01-23 18:09:33,N/A
2024-01-23 18:08:33,N/A
2024-01-23 18:07:33,N/A
2024-01-23 18:06:33,N/A
2024-01-23 18:05:33,N/A
2024-01-23 18:04:33,N/A
2024-01-23 18:03:33,N/A
2024-01-23 18:02:33,N/A
2024-01-23 18:01:33,N/A
2024-01-23 18:00:33,N/A
2024-01-23 17:59:33,N/A
2024-01-23 17:58:33,N/A
2024-01-23 17:57:33,N/A
2024-01-23 17:56:33,N/A
2024-01-23 17:55:33,N/A
2024-01-23 17:54:33,N/A
2024-01-23 17:53:33,N/A
2024-01-23 17:52:33,N/A
2024-01-23 17:51:33,N/A
2024-01-23 17:50:33,N/A
2024-01-23 17:49:33,N/A
2024-01-23 17:48:33,N/A
2024-01-23 17:47:33,N/A
2024-01-23 17:46:33,N/A
2024-01-23 17:45:33,N/A
2024-01-23 17:44:33,N/A
2024-01-23 17:43:33,N/A
2024-01-23 17:42:33,N/A
2024-01-23 17:41:33,N/A
2024-01-23 17:40:33,N/A
2024-01-23 17:39:33,N/A
2024-01-23 17:38:33,N/A
2024-01-23 17:37:33,N/A
2024-01-23 17:36:33,N/A
2024-01-23 17:35:33,N/A
2024-01-23 17:34:33,N/A
2024-01-23 17:33:33,N/A
2024-01-23 17:32:33,N/A
2024-01-23 17:31:33,N/A
2024-01-23 17:30:33,N/A
2024-01-23 17:29:33,N/A
2024-01-23 17:28:33,N/A
2024-01-23 17:27:33,N/A
2024-01-23 17:26:33,N/A
2024-01-23 17:25:33,N/A
2024-01-23 17:24:33,N/A
2024-01-23 17:23:33,N/A
2024-01-23 17:22:33,N/A
2024-01-23 17:21:33,N/A
2024-01-23 17:20:33,N/A
2024-01-23 17:19:33,N/A
2024-01-23 17:18:33,N/A
2024-01-23 17:17:33,N/A
2024-01-23 17:16:33,N/A
2024-01-23 17:15:33,N/A
2024-01-23 17:14:33,N/A
2024-01-23 17:13:33,N/A
2024-01-23 17:12:33,N/A
2024-01-23 17:11:33,N/A
2024-01-23 17:10:33,N/A
2024-01-23 17:09:33,N/A
2024-01-23 17:08:33,N/A
2024-01-23 17:07:33,N/A
2024-01-23 17:06:33,N/A
2024-01-23 17:05:33,N/A
2024-01-23 17:04:33,N/A
2024-01-23 17:03:33,N/A
2024-01-23 17:02:33,N/A
2024-01-23 17:01:33,N/A
2024-01-23 17:00:33,N/A
2024-01-23 16:59:33,N/A
2024-01-23 16:58:33,N/A
2024-01-23 16:57:33,N/A
2024-01-23 16:56:33,N/A
2024-01-23 16:55:33,N/A
2024-01-23 16:54:33,N/A
2024-01-23 16:53:33,N/A
2024-01-23 16:52:33,N/A
2024-01-23 16:51:33,N/A
2024-01-23 16:50:33,N/A
2024-01-23 16:49:33,N/A
2024-01-23 16:48:33,N/A
2024-01-23 16:47:33,N/A
2024-01-23 16:46:33,N/A
2024-01-23 16:45:33,N/A
2024-01-23 16:44:33,N/A
2024-01-23 16:43:33,N/A
2024-01-23 16:42:33,N/A
2024-01-23 16:41:33,N/A
2024-01-23 16:40:33,N/A
2024-01-23 16:39:33,N/A
2024-01-23 16:38:33,N/A
2024-01-23 16:37:33,N/A
2024-01-23 16:36:33,N/A
2024-01-23 16:35:33,N/A
2024-01-23 16:34:33,N/A
2024-01-23 16:33:33,N/A
2024-01-23 16:32:33,N/A
2024-01-23 16:31:33,N/A
2024-01-23 16:30:33,N/A
2024-01-23 16:29:33,N/A
2024-01-23 16:28:33,N/A
2024-01-23 16:27:33,N/A
2024-01-23 16:26:33,N/A
2024-01-23 16:25:33,N/A
2024-01-23 16:24:33,N/A
2024-01-23 16:23:33,N/A
2024-01-23 16:22:33,N/A
2024-01-23 16:21:33,N/A
2024-01-23 16:20:33,N/A
2024-01-23 16:19:33,N/A
2024-01-23 16:18:33,N/A
2024-01-23 16:17:33,N/A
2024-01-23 16:16:33,N/A
2024-01-23 16:15:33,N/A
2024-01-23 16:14:33,N/A
2024-01-23 16:13:33,N/A
2024-01-23 16:12:33,N/A
2024-01-23 16:11:33,N/A
2024-01-23 16:10:33,N/A
2024-01-23 16:09:33,N/A
2024-01-23 16:08:33,N/A
2024-01-23 16:07:33,N/A
2024-01-23 16:06:33,N/A
2024-01-23 16:05:33,N/A
2024-01-23 16:04:33,N/A
2024-01-23 16:03:33,N/A
2024-01-23 16:02:33,N/A
2024-01-23 16:01:33,N/A
2024-01-23 16:00:33,N/A
2024-01-23 15:59:33,N/A
2024-01-23 15:58:33,N/A
2024-01-23 15:57:33,N/A
2024-01-23 15:56:33,N/A
2024-01-23 15:55:33,N/A
2024-01-23 15:54:33,N/A
2024-01-23 15:53:33,N/A
2024-01-23 15:52:33,N/A
2024-01-23 15:51:33,N/A
2024-01-23 15:50:33,N/A
2024-01-23 15:49:33,N/A
2024-01-23 15:48:33,N/A
2024-01-23 15:47:33,N/A
2024-01-23 15:46:33,N/A
2024-01-23 15:45:33,N/A
2024-01-23 15:44:33,N/A
2024-01-23 15:43:33,N/A
2024-01-23 15:42:33,N/A
2024-01-23 15:41:33,N/A
2024-01-23 15:40:33,N/A
2024-01-23 15:39:33,N/A
2024-01-23 15:38:33,N/A
2024-01-23 15:37:33,N/A
2024-01-23 15:36:33,N/A
2024-01-23 15:35:33,N/A
2024-01-23 15:34:33,N/A
2024-01-23 15:33:33,N/A
2024-01-23 15:32:33,N/A
2024-01-23 15:31:33,N/A
2024-01-23 15:30:33,N/A
2024-01-23 15:29:33,N/A
2024-01-23 15:28:33,N/A
2024-01-23 15:27:33,N/A
2024-01-23 15:26:33,N/A
2024-01-23 15:25:33,N/A
2024-01-23 15:24:33,N/A
2024-01-23 15:23:33,N/A
2024-01-23 15:22:33,N/A
2024-01-23 15:21:33,N/A
2024-01-23 15:20:33,N/A
2024-01-23 15:19:33,N/A
2024-01-23 15:18:33,N/A
2024-01-23 15:17:33,N/A
2024-01-23 15:16:33,N/A
2024-01-23 15:15:33,N/A
2024-01-23 15:14:33,N/A
2024-01-23 15:13:33,N/A
2024-01-23 15:12:33,N/A
2024-01-23 15:11:33,N/A
2024-01-23 15:10:33,N/A
2024-01-23 15:09:33,N/A
2024-01-23 15:08:33,N/A
2024-01-23 15:07:33,N/A
2024-01-23 15:06:33,N/A
2024-01-23 15:05:33,N/A
2024-01-23 15:04:33,N/A
2024-01-23 15:03:33,N/A
2024-01-23 15:02:33,N/A
2024-01-23 15:01:33,N/A
2024-01-23 15:00:33,N/A
2024-01-23 14:59:33,N/A
2024-01-23 14:58:33,N/A
2024-01-23 14:57:33,N/A
2024-01-23 14:56:33,N/A
2024-01-23 14:55:33,N/A
2024-01-23 14:54:33,N/A
2024-01-23 14:53:33,N/A
2024-01-23 14:52:33,N/A
2024-01-23 14:51:33,N/A
2024-01-23 14:50:33,N/A
2024-01-23 14:49:33,N/A
2024-01-23 14:48:33,N/A
2024-01-23 14:47:33,N/A
2024-01-23 14:46:33,N/A
2024-01-23 14:45:33,N/A
2024-01-23 14:44:33,N/A
2024-01-23 14:43:33,N/A
2024-01-23 14:42:33,N/A
2024-01-23 14:41:33,N/A
2024-01-23 14:40:33,N/A
2024-01-23 14:39:33,N/A
2024-01-23 14:38:33,N/A
2024-01-23 14:37:33,N/A
2024-01-23 14:36:33,N/A
2024-01-23 14:35:33,N/A
2024-01-23 14:34:33,N/A
2024-01-23 14:33:33,N/A
2024-01-23 14:32:33,N/A
2024-01-23 14:31:33,N/A
2024-01-23 14:30:33,N/A
2024-01-23 14:29:33,N/A
2024-01-23 14:28:33,N/A
2024-01-23 14:27:33,N/A
2024-01-23 14:26:33,N/A
2024-01-23 14:25:33,N/A
2024-01-23 14:24:33,N/A
2024-01-23 14:23:33,N/A
2024-01-23 14:22:33,N/A
2024-01-23 14:21:33,N/A
2024-01-23 14:20:33,N/A
2024-01-23 14:19:33,N/A
2024-01-23 14:18:33,N/A
2024-01-23 14:17:33,535.2979471640401
2024-01-23 14:16:33,717.5221744334971
2024-01-23 14:15:33,N/A
2024-01-23 14:22:33,N/A
2024-01-23 14:21:33,N/A
2024-01-23 14:20:33,N/A
2024-01-23 14:19:33,N/A
2024-01-23 14:18:33,N/A
2024-01-23 14:17:33,N/A
2024-01-23 14:16:33,N/A
2024-01-23 14:15:33,N/A
2024-01-23 14:14:33,N/A
2024-01-23 14:13:33,N/A
2024-01-23 14:12:33,N/A
2024-01-23 14:11:33,N/A
2024-01-23 14:10:33,N/A
2024-01-23 14:09:33,N/A
2024-01-23 14:08:33,N/A
2024-01-23 14:07:33,N/A
2024-01-23 14:06:33,N/A
2024-01-23 14:05:33,N/A
2024-01-23 14:04:33,N/A
2024-01-23 14:03:33,N/A
2024-01-23 14:02:33,N/A
2024-01-23 14:01:33,N/A
2024-01-23 14:00:33,N/A
2024-01-23 13:59:33,N/A
2024-01-23 13:58:33,495.677
2024-01-23 13:57:33,541.8882580645161
2024-01-23 13:56:33,793.262222951635
2024-01-23 13:55:33,817.2772857142855
2024-01-23 14:02:33,N/A
2024-01-23 14:01:33,N/A
2024-01-23 14:00:33,N/A
2024-01-23 13:59:33,N/A
2024-01-23 13:58:33,N/A
2024-01-23 13:57:33,N/A
2024-01-23 13:56:33,N/A
2024-01-23 13:55:33,N/A
2024-01-23 13:54:33,N/A
2024-01-23 13:53:33,N/A
2024-01-23 13:52:33,N/A
2024-01-23 13:51:33,N/A
2024-01-23 13:50:33,N/A
2024-01-23 13:49:33,N/A
2024-01-23 13:48:33,N/A
2024-01-23 13:47:33,N/A
2024-01-23 13:46:33,534.9113333333333
2024-01-23 13:45:33,N/A
2024-01-23 13:44:33,709.6715999999999
2024-01-23 13:43:33,666.8996666666669
2024-01-23 13:42:33,548.9902446223073
2024-01-23 13:41:33,574.9469999999999
2024-01-23 13:40:33,665.2085999750502
2024-01-23 13:39:33,890.55525
2024-01-23 13:38:33,N/A
2024-01-23 13:37:33,1010.86
2024-01-23 13:36:33,508.35699999999997
2024-01-23 13:35:33,1078.06
2024-01-23 13:34:33,N/A
