Time,Utilization (%)
2024-01-25 04:07:35,23.3261
2024-01-25 04:06:35,23.3037
2024-01-25 04:05:35,23.3261
2024-01-25 04:04:35,23.3261
2024-01-25 04:03:35,23.3261
2024-01-25 04:02:35,23.3261
2024-01-25 04:01:35,23.3261
2024-01-25 04:00:35,23.3261
2024-01-25 03:59:35,23.3261
2024-01-25 03:58:35,23.3261
2024-01-25 03:57:35,23.3261
2024-01-25 03:56:35,23.3261
2024-01-25 03:55:35,23.3261
2024-01-25 03:54:35,23.3261
2024-01-25 03:53:35,23.3261
2024-01-25 03:52:35,23.3261
2024-01-25 03:51:35,23.3261
2024-01-25 03:50:35,23.3261
2024-01-25 03:49:35,23.3261
2024-01-25 03:48:35,23.3261
2024-01-25 03:47:35,23.3261
2024-01-25 03:46:35,23.3260
2024-01-25 03:45:35,23.3260
2024-01-25 03:44:35,23.3260
2024-01-25 03:43:35,23.3260
2024-01-25 03:42:35,23.3260
2024-01-25 03:41:35,23.3260
2024-01-25 03:40:35,23.3260
2024-01-25 03:39:35,23.3260
2024-01-25 03:38:35,23.3260
2024-01-25 03:37:35,23.3260
2024-01-25 03:36:35,23.3260
2024-01-25 03:35:35,23.3260
2024-01-25 03:34:35,23.3260
2024-01-25 03:33:35,23.3260
2024-01-25 03:32:35,23.3260
2024-01-25 03:31:35,23.3260
2024-01-25 03:30:35,23.3260
2024-01-25 03:29:35,23.3260
2024-01-25 03:28:35,23.3260
2024-01-25 03:27:35,23.3260
2024-01-25 03:26:35,23.3260
2024-01-25 03:25:35,23.3260
2024-01-25 03:24:35,23.3260
2024-01-25 03:23:35,23.3260
2024-01-25 03:22:35,23.3260
2024-01-25 03:21:35,23.3260
2024-01-25 03:20:35,23.3260
2024-01-25 03:19:35,23.3260
2024-01-25 03:18:35,23.3281
2024-01-25 03:17:35,23.3260
2024-01-25 03:16:35,23.3260
2024-01-25 03:15:35,23.3260
2024-01-25 03:14:35,23.3260
2024-01-25 03:13:35,23.3260
2024-01-25 03:12:35,23.3283
2024-01-25 03:11:35,23.3260
2024-01-25 03:10:35,23.3260
2024-01-25 03:09:35,23.3260
2024-01-25 03:08:35,23.3260
2024-01-25 03:07:35,23.3260
2024-01-25 03:06:35,23.3279
2024-01-25 03:05:35,23.3260
2024-01-25 03:04:35,23.3260
2024-01-25 03:03:35,23.3260
2024-01-25 03:02:35,23.3260
2024-01-25 03:01:35,23.3260
2024-01-25 03:00:35,23.3260
2024-01-25 02:59:35,23.3260
2024-01-25 02:58:35,23.3260
2024-01-25 02:57:35,23.3260
2024-01-25 02:56:35,23.3260
2024-01-25 02:55:35,23.3288
2024-01-25 02:54:35,23.3260
2024-01-25 02:53:35,23.3260
2024-01-25 02:52:35,23.3283
2024-01-25 02:51:35,23.3260
2024-01-25 02:50:35,23.3260
2024-01-25 02:49:35,23.3260
2024-01-25 02:48:35,23.3260
2024-01-25 02:47:35,23.3260
2024-01-25 02:46:35,23.3260
2024-01-25 02:45:35,23.3310
2024-01-25 02:44:35,23.3260
2024-01-25 02:43:35,23.3260
2024-01-25 02:42:35,23.3300
2024-01-25 02:41:35,23.3260
2024-01-25 02:40:35,23.3260
2024-01-25 02:39:35,23.3260
2024-01-25 02:38:35,23.3260
2024-01-25 02:37:35,23.3260
2024-01-25 02:36:35,23.3260
2024-01-25 02:35:35,23.3260
2024-01-25 02:34:35,23.3260
2024-01-25 02:33:35,23.3260
2024-01-25 02:32:35,23.3260
2024-01-25 02:31:35,23.3260
2024-01-25 02:30:35,23.3260
2024-01-25 02:29:35,23.3260
2024-01-25 02:28:35,23.3260
2024-01-25 02:27:35,23.3260
2024-01-25 02:26:35,23.3260
2024-01-25 02:25:35,23.3260
2024-01-25 02:24:35,23.3260
2024-01-25 02:23:35,23.3260
2024-01-25 02:22:35,23.3264
2024-01-25 02:21:35,23.3260
2024-01-25 02:20:35,23.3055
2024-01-25 02:19:35,23.3260
2024-01-25 02:18:35,23.3260
2024-01-25 02:17:35,23.3260
2024-01-25 02:16:35,23.3260
2024-01-25 02:15:35,23.3278
2024-01-25 02:14:35,23.3260
2024-01-25 02:13:35,23.3260
2024-01-25 02:12:35,23.3260
2024-01-25 02:11:35,23.3260
2024-01-25 02:10:35,23.3260
2024-01-25 02:09:35,23.3260
2024-01-25 02:08:35,23.3260
2024-01-25 02:07:35,23.3260
2024-01-25 02:06:35,23.3260
2024-01-25 02:05:35,23.3260
2024-01-25 02:04:35,23.3260
2024-01-25 02:03:35,23.3260
2024-01-25 02:02:35,23.3260
2024-01-25 02:01:35,23.3260
2024-01-25 02:00:35,23.3260
2024-01-25 01:59:35,23.3260
2024-01-25 01:58:35,23.3260
2024-01-25 01:57:35,23.3260
2024-01-25 01:56:35,23.3237
2024-01-25 01:55:35,23.3282
2024-01-25 01:54:35,23.3276
2024-01-25 01:53:35,23.3276
2024-01-25 01:52:35,23.3276
2024-01-25 01:51:35,23.3276
2024-01-25 01:50:35,23.3276
2024-01-25 01:49:35,23.3265
2024-01-25 01:48:35,23.3276
2024-01-25 01:47:35,23.3276
2024-01-25 01:46:35,23.3276
2024-01-25 01:45:35,23.3276
2024-01-25 01:44:35,23.3276
2024-01-25 01:43:35,23.3276
2024-01-25 01:42:35,23.3276
2024-01-25 01:41:35,23.3276
2024-01-25 01:40:35,23.3276
2024-01-25 01:39:35,23.3276
2024-01-25 01:38:35,23.3276
2024-01-25 01:37:35,23.3276
2024-01-25 01:36:35,23.3276
2024-01-25 01:35:35,23.3276
2024-01-25 01:34:35,23.3276
2024-01-25 01:33:35,23.3276
2024-01-25 01:32:35,23.3276
2024-01-25 01:31:35,23.3276
2024-01-25 01:30:35,23.3276
2024-01-25 01:29:35,23.3276
2024-01-25 01:28:35,23.3276
2024-01-25 01:27:35,23.3276
2024-01-25 01:26:35,23.3276
2024-01-25 01:25:35,23.3276
2024-01-25 01:24:35,23.3276
2024-01-25 01:23:35,23.3276
2024-01-25 01:22:35,23.3276
2024-01-25 01:21:35,23.3276
2024-01-25 01:20:35,23.3276
2024-01-25 01:19:35,23.3276
2024-01-25 01:18:35,23.3276
2024-01-25 01:17:35,23.3276
2024-01-25 01:16:35,23.3276
2024-01-25 01:15:35,23.3276
2024-01-25 01:14:35,23.3276
2024-01-25 01:13:35,23.3276
2024-01-25 01:12:35,23.3276
2024-01-25 01:11:35,23.3276
2024-01-25 01:10:35,23.3276
2024-01-25 01:09:35,23.3276
2024-01-25 01:08:35,23.3276
2024-01-25 01:07:35,23.3276
2024-01-25 01:06:35,23.3281
2024-01-25 01:05:35,23.3276
2024-01-25 01:04:35,23.3276
2024-01-25 01:03:35,23.3276
2024-01-25 01:02:35,23.3276
2024-01-25 01:01:35,23.3276
2024-01-25 01:00:35,23.3276
2024-01-25 00:59:35,23.3276
2024-01-25 00:58:35,23.3276
2024-01-25 00:57:35,23.3276
2024-01-25 00:56:35,23.3276
2024-01-25 00:55:35,23.3276
2024-01-25 00:54:35,23.3276
2024-01-25 00:53:35,23.3276
2024-01-25 00:52:35,23.3276
2024-01-25 00:51:35,23.3276
2024-01-25 00:50:35,23.3276
2024-01-25 00:49:35,23.3276
2024-01-25 00:48:35,23.3276
2024-01-25 00:47:35,23.3276
2024-01-25 00:46:35,23.3276
2024-01-25 00:45:35,23.3276
2024-01-25 00:44:35,23.3276
2024-01-25 00:43:35,23.3276
2024-01-25 00:42:35,23.3276
2024-01-25 00:41:35,23.3276
2024-01-25 00:40:35,23.3276
2024-01-25 00:39:35,23.3276
2024-01-25 00:38:35,23.3276
2024-01-25 00:37:35,23.3276
2024-01-25 00:36:35,23.3276
2024-01-25 00:35:35,23.3276
2024-01-25 00:34:35,23.3276
2024-01-25 00:33:35,23.3276
2024-01-25 00:32:35,23.3276
2024-01-25 00:31:35,23.3276
2024-01-25 00:30:35,23.3276
2024-01-25 00:29:35,23.3299
2024-01-25 00:28:35,23.2997
2024-01-25 00:27:35,23.3276
2024-01-25 00:26:35,23.3303
2024-01-25 00:25:35,23.3276
2024-01-25 00:24:35,23.3276
2024-01-25 00:23:35,23.3276
2024-01-25 00:22:35,23.3276
2024-01-25 00:21:35,23.3276
2024-01-25 00:20:35,23.3276
2024-01-25 00:19:35,23.3276
2024-01-25 00:18:35,23.3276
2024-01-25 00:17:35,23.3276
2024-01-25 00:16:35,23.3280
2024-01-25 00:15:35,23.3276
2024-01-25 00:14:35,23.3276
2024-01-25 00:13:35,23.3276
2024-01-25 00:12:35,23.3276
2024-01-25 00:11:35,23.3276
2024-01-25 00:10:35,23.3276
2024-01-25 00:09:35,23.3276
2024-01-25 00:08:35,23.3276
2024-01-25 00:07:35,23.3276
2024-01-25 00:06:35,23.3276
2024-01-25 00:05:35,23.3276
2024-01-25 00:04:35,23.3276
2024-01-25 00:03:35,23.3276
2024-01-25 00:02:35,23.3276
2024-01-25 00:01:35,23.3276
2024-01-25 00:00:35,23.3276
2024-01-24 23:59:35,23.3276
2024-01-24 23:58:35,23.3294
2024-01-24 23:57:35,23.3276
2024-01-24 23:56:35,23.3276
2024-01-24 23:55:35,23.3276
2024-01-24 23:54:35,23.3276
2024-01-24 23:53:35,23.3276
2024-01-24 23:52:35,23.3276
2024-01-24 23:51:35,23.3276
2024-01-24 23:50:35,23.3276
2024-01-24 23:49:35,23.3276
2024-01-24 23:48:35,23.3299
2024-01-24 23:47:35,23.3276
2024-01-24 23:46:35,23.3276
2024-01-24 23:45:35,23.3276
2024-01-24 23:44:35,23.3276
2024-01-24 23:43:35,23.3276
2024-01-24 23:42:35,23.3276
2024-01-24 23:41:35,23.3276
2024-01-24 23:40:35,23.3276
2024-01-24 23:39:35,23.3276
2024-01-24 23:38:35,23.3276
2024-01-24 23:37:35,23.3276
2024-01-24 23:36:35,23.3276
2024-01-24 23:35:35,23.3276
2024-01-24 23:34:35,23.3276
2024-01-24 23:33:35,23.3276
2024-01-24 23:32:35,23.3276
2024-01-24 23:31:35,23.3270
2024-01-24 23:30:35,23.3276
2024-01-24 23:29:35,23.3276
2024-01-24 23:28:35,23.3276
2024-01-24 23:27:35,23.3276
2024-01-24 23:26:35,23.3276
2024-01-24 23:25:35,23.3276
2024-01-24 23:24:35,23.3276
2024-01-24 23:23:35,23.3275
2024-01-24 23:22:35,23.3270
2024-01-24 23:21:35,23.3270
2024-01-24 23:20:35,23.3270
2024-01-24 23:19:35,23.3270
2024-01-24 23:18:35,23.3270
2024-01-24 23:17:35,23.3270
2024-01-24 23:16:35,23.3270
2024-01-24 23:15:35,23.3270
2024-01-24 23:14:35,23.3270
2024-01-24 23:13:35,23.3321
2024-01-24 23:12:35,23.3270
2024-01-24 23:11:35,23.3270
2024-01-24 23:10:35,23.3270
2024-01-24 23:09:35,23.3270
2024-01-24 23:08:35,23.3270
2024-01-24 23:07:35,23.3270
2024-01-24 23:06:35,23.3269
2024-01-24 23:05:35,23.3269
2024-01-24 23:04:35,23.3269
2024-01-24 23:03:35,23.3269
2024-01-24 23:02:35,23.3269
2024-01-24 23:01:35,23.3269
2024-01-24 23:00:35,23.3269
2024-01-24 22:59:35,23.3269
2024-01-24 22:58:35,23.3269
2024-01-24 22:57:35,23.3269
2024-01-24 22:56:35,23.3269
2024-01-24 22:55:35,23.3269
2024-01-24 22:54:35,23.3269
2024-01-24 22:53:35,23.3269
2024-01-24 22:52:35,23.3269
2024-01-24 22:51:35,23.3269
2024-01-24 22:50:35,23.3269
2024-01-24 22:49:35,23.3269
2024-01-24 22:48:35,23.3269
2024-01-24 22:47:35,23.3269
2024-01-24 22:46:35,23.3269
2024-01-24 22:45:35,23.3269
2024-01-24 22:44:35,23.3269
2024-01-24 22:43:35,23.3269
2024-01-24 22:42:35,23.3269
2024-01-24 22:41:35,23.3290
2024-01-24 22:40:35,23.3268
2024-01-24 22:39:35,23.3268
2024-01-24 22:38:35,23.3268
2024-01-24 22:37:35,23.3268
2024-01-24 22:36:35,23.3268
2024-01-24 22:35:35,23.3268
2024-01-24 22:34:35,23.3268
2024-01-24 22:33:35,23.3268
2024-01-24 22:32:35,23.3268
2024-01-24 22:31:35,23.3268
2024-01-24 22:30:35,23.3268
2024-01-24 22:29:35,23.3268
2024-01-24 22:28:35,23.3268
2024-01-24 22:27:35,23.3268
2024-01-24 22:26:35,23.3317
2024-01-24 22:25:35,23.3268
2024-01-24 22:24:35,23.3268
2024-01-24 22:23:35,23.3268
2024-01-24 22:22:35,23.3268
2024-01-24 22:21:35,23.3268
2024-01-24 22:20:35,23.3268
2024-01-24 22:19:35,23.3268
2024-01-24 22:18:35,23.3268
2024-01-24 22:17:35,23.3268
2024-01-24 22:16:35,23.3268
2024-01-24 22:15:35,23.3268
2024-01-24 22:14:35,23.3268
2024-01-24 22:13:35,23.3268
2024-01-24 22:12:35,23.3268
2024-01-24 22:11:35,23.3268
2024-01-24 22:10:35,23.3268
2024-01-24 22:09:35,23.3268
2024-01-24 22:08:35,23.3268
2024-01-24 22:07:35,23.3295
2024-01-24 22:06:35,23.3268
2024-01-24 22:05:35,23.3316
2024-01-24 22:04:35,23.3312
2024-01-24 22:03:35,23.3268
2024-01-24 22:02:35,23.3268
2024-01-24 22:01:35,23.3268
2024-01-24 22:00:35,23.3284
2024-01-24 21:59:35,23.3268
2024-01-24 21:58:35,23.3268
2024-01-24 21:57:35,23.3268
2024-01-24 21:56:35,23.3268
2024-01-24 21:55:35,23.3268
2024-01-24 21:54:35,23.3268
2024-01-24 21:53:35,23.3268
2024-01-24 21:52:35,23.3268
2024-01-24 21:51:35,23.3268
2024-01-24 21:50:35,23.3267
2024-01-24 21:49:35,23.3267
2024-01-24 21:48:35,23.3267
2024-01-24 21:47:35,23.3267
2024-01-24 21:46:35,23.3267
2024-01-24 21:45:35,23.3267
2024-01-24 21:44:35,23.3267
2024-01-24 21:43:35,23.3267
2024-01-24 21:42:35,23.3267
2024-01-24 21:41:35,23.3267
2024-01-24 21:40:35,23.3267
2024-01-24 21:39:35,23.3267
2024-01-24 21:38:35,23.3267
2024-01-24 21:37:35,23.3267
2024-01-24 21:35:35,23.3267
2024-01-24 21:34:35,23.3267
2024-01-24 21:33:35,23.3267
2024-01-24 21:32:35,23.3267
2024-01-24 21:31:35,23.3267
2024-01-24 21:30:35,23.3267
2024-01-24 21:29:35,23.3267
2024-01-24 21:28:35,23.3286
2024-01-24 21:27:35,23.3267
2024-01-24 21:26:35,23.3267
2024-01-24 21:25:35,23.3267
2024-01-24 21:24:35,23.3267
2024-01-24 21:23:35,23.3267
2024-01-24 21:22:35,23.3267
2024-01-24 21:21:35,23.3267
2024-01-24 21:20:35,23.3267
2024-01-24 21:19:35,23.3267
2024-01-24 21:18:35,23.3267
2024-01-24 21:17:35,23.3267
2024-01-24 21:16:35,23.3267
2024-01-24 21:15:35,23.3267
2024-01-24 21:14:35,23.3267
2024-01-24 21:13:35,23.3267
2024-01-24 21:12:35,23.3267
2024-01-24 21:11:35,23.3267
2024-01-24 21:10:35,23.3266
2024-01-24 21:09:35,23.3266
2024-01-24 21:08:35,23.3266
2024-01-24 21:07:35,23.3266
2024-01-24 21:06:35,23.3266
2024-01-24 21:05:35,23.3266
2024-01-24 21:04:35,23.3243
2024-01-24 21:03:35,23.3266
2024-01-24 21:02:35,23.3266
2024-01-24 21:01:35,23.3266
2024-01-24 21:00:35,23.3266
2024-01-24 20:59:35,23.3266
2024-01-24 20:58:35,23.3266
2024-01-24 20:57:35,23.3289
2024-01-24 20:56:35,23.3266
2024-01-24 20:55:35,23.3266
2024-01-24 20:54:35,23.3266
2024-01-24 20:53:35,23.3266
2024-01-24 20:52:35,23.3266
2024-01-24 20:51:35,23.3266
2024-01-24 20:50:35,23.3293
2024-01-24 20:49:35,23.3266
2024-01-24 20:48:35,23.3265
2024-01-24 20:47:35,23.3265
2024-01-24 20:45:35,23.3265
2024-01-24 20:44:35,23.3265
2024-01-24 20:43:35,23.3265
2024-01-24 20:42:35,23.3265
2024-01-24 20:41:35,23.3265
2024-01-24 20:40:35,23.3265
2024-01-24 20:39:35,23.3265
2024-01-24 20:38:35,23.3265
2024-01-24 20:37:35,23.3265
2024-01-24 20:36:35,23.3265
2024-01-24 20:35:35,23.3265
2024-01-24 20:34:35,23.3265
2024-01-24 20:33:35,23.3265
2024-01-24 20:32:35,23.3265
2024-01-24 20:31:35,23.3265
2024-01-24 20:30:35,23.3265
2024-01-24 20:29:35,23.3265
2024-01-24 20:28:35,23.3265
2024-01-24 20:27:35,23.3265
2024-01-24 20:26:35,23.3265
2024-01-24 20:25:35,23.3265
2024-01-24 20:24:35,23.3265
2024-01-24 20:23:35,23.3261
2024-01-24 20:22:35,23.3265
2024-01-24 20:21:35,23.3265
2024-01-24 20:20:35,23.3265
2024-01-24 20:19:35,23.3265
2024-01-24 20:18:35,23.3265
2024-01-24 20:17:35,23.3265
2024-01-24 20:16:35,23.3265
2024-01-24 20:15:35,23.3265
2024-01-24 20:14:35,23.3265
2024-01-24 20:13:35,23.3265
2024-01-24 20:12:35,23.3265
2024-01-24 20:11:35,23.3070
2024-01-24 20:10:35,23.3265
2024-01-24 20:09:35,23.3265
2024-01-24 20:08:35,23.3265
2024-01-24 20:07:35,23.3265
2024-01-24 20:06:35,23.3265
2024-01-24 20:05:35,23.3265
2024-01-24 20:04:35,23.3265
2024-01-24 20:03:35,23.3265
2024-01-24 20:02:35,23.3265
2024-01-24 20:01:35,23.3265
2024-01-24 20:00:35,23.3265
2024-01-24 19:59:35,23.3265
2024-01-24 19:58:35,23.3265
2024-01-24 19:57:35,23.3265
2024-01-24 19:56:35,23.3265
2024-01-24 19:55:35,23.3265
2024-01-24 19:54:35,23.3265
2024-01-24 19:53:35,23.3265
2024-01-24 19:52:35,23.3265
2024-01-24 19:51:35,23.3265
2024-01-24 19:50:35,23.3265
2024-01-24 19:49:35,23.3264
2024-01-24 19:48:35,23.3264
2024-01-24 19:47:35,23.3264
2024-01-24 19:46:35,23.3264
2024-01-24 19:45:35,23.3264
2024-01-24 19:44:35,23.3264
2024-01-24 19:43:35,23.3264
2024-01-24 19:42:35,23.3264
2024-01-24 19:41:35,23.3264
2024-01-24 19:40:35,23.3264
2024-01-24 19:39:35,23.3264
2024-01-24 19:38:35,23.3264
2024-01-24 19:37:35,23.3264
2024-01-24 19:36:35,23.3264
2024-01-24 19:35:35,23.3264
2024-01-24 19:34:35,23.3264
2024-01-24 19:33:35,23.3264
2024-01-24 19:32:35,23.3264
2024-01-24 19:31:35,23.3264
2024-01-24 19:30:35,23.3264
2024-01-24 19:29:35,23.3264
2024-01-24 19:28:35,23.3264
2024-01-24 19:27:35,23.3264
2024-01-24 19:26:35,23.3293
2024-01-24 19:25:35,23.3264
2024-01-24 19:24:35,23.3264
2024-01-24 19:23:35,23.3264
2024-01-24 19:22:35,23.3264
2024-01-24 19:21:35,23.3264
2024-01-24 19:20:35,23.3264
2024-01-24 19:19:35,23.3264
2024-01-24 19:18:35,23.3264
2024-01-24 19:17:35,23.3264
2024-01-24 19:16:35,23.3264
2024-01-24 19:15:35,23.3264
2024-01-24 19:14:35,23.3264
2024-01-24 19:13:35,23.3264
2024-01-24 19:12:35,23.3264
2024-01-24 19:11:35,23.3194
2024-01-24 19:10:35,23.3290
2024-01-24 19:09:35,23.3290
2024-01-24 19:08:35,23.3290
2024-01-24 19:07:35,23.3290
2024-01-24 19:06:35,23.3290
2024-01-24 19:05:35,23.3290
2024-01-24 19:04:35,23.3290
2024-01-24 19:03:35,23.3290
2024-01-24 19:02:35,23.3290
2024-01-24 19:01:35,23.3290
2024-01-24 19:00:35,23.3290
2024-01-24 18:59:35,23.3290
2024-01-24 18:58:35,23.3290
2024-01-24 18:57:35,23.3290
2024-01-24 18:56:35,23.3323
2024-01-24 18:55:35,23.3290
2024-01-24 18:54:35,23.3290
2024-01-24 18:53:35,23.3290
2024-01-24 18:52:35,23.3290
2024-01-24 18:51:35,23.3290
2024-01-24 18:49:35,23.3290
2024-01-24 18:48:35,23.3290
2024-01-24 18:47:35,23.3290
2024-01-24 18:46:35,23.3290
2024-01-24 18:45:35,23.3314
2024-01-24 18:44:35,23.3290
2024-01-24 18:43:35,23.3290
2024-01-24 18:42:35,23.3290
2024-01-24 18:41:35,23.3290
2024-01-24 18:40:35,23.3290
2024-01-24 18:39:35,23.3290
2024-01-24 18:38:35,23.3318
2024-01-24 18:37:35,23.3290
2024-01-24 18:36:35,23.3290
2024-01-24 18:35:35,23.3290
2024-01-24 18:34:35,23.3290
2024-01-24 18:33:35,23.3290
2024-01-24 18:32:35,23.3290
2024-01-24 18:31:35,23.3290
2024-01-24 18:30:35,23.3290
2024-01-24 18:29:35,23.3290
2024-01-24 18:28:35,23.3290
2024-01-24 18:27:35,23.3290
2024-01-24 18:26:35,23.3290
2024-01-24 18:25:35,23.3290
2024-01-24 18:24:35,23.3290
2024-01-24 18:23:35,23.3290
2024-01-24 18:22:35,23.3290
2024-01-24 18:21:35,23.3290
2024-01-24 18:20:35,23.3290
2024-01-24 18:19:35,23.3290
2024-01-24 18:18:35,23.3318
2024-01-24 18:17:35,23.3290
2024-01-24 18:16:35,23.3290
2024-01-24 18:15:35,23.3290
2024-01-24 18:14:35,23.3290
2024-01-24 18:13:35,23.3290
2024-01-24 18:12:35,23.3327
2024-01-24 18:11:35,23.3290
2024-01-24 18:10:35,23.3323
2024-01-24 18:09:35,23.3290
2024-01-24 18:08:35,23.3290
2024-01-24 18:07:35,23.3290
2024-01-24 18:06:35,23.3297
2024-01-24 18:05:35,23.3290
2024-01-24 18:04:35,23.3290
2024-01-24 18:03:35,23.3290
2024-01-24 18:02:35,23.3290
2024-01-24 18:01:35,23.3290
2024-01-24 18:00:35,23.3290
2024-01-24 17:59:35,23.3290
2024-01-24 17:58:35,23.3290
2024-01-24 17:57:35,23.3290
2024-01-24 17:56:35,23.3290
2024-01-24 17:55:35,23.3290
2024-01-24 17:54:35,23.3290
2024-01-24 17:53:35,23.3290
2024-01-24 17:52:35,23.3290
2024-01-24 17:51:35,23.3290
2024-01-24 17:50:35,23.3290
2024-01-24 17:49:35,23.3290
2024-01-24 17:48:35,23.3290
2024-01-24 17:47:35,23.3290
2024-01-24 17:46:35,23.3290
2024-01-24 17:45:35,23.3290
2024-01-24 17:44:35,23.3290
2024-01-24 17:43:35,23.3290
2024-01-24 17:42:35,23.3296
2024-01-24 17:41:35,23.3290
2024-01-24 17:40:35,23.3290
2024-01-24 17:39:35,23.3290
2024-01-24 17:38:35,23.3290
2024-01-24 17:37:35,23.3290
2024-01-24 17:36:35,23.3290
2024-01-24 17:35:35,23.3338
2024-01-24 17:34:35,23.3338
2024-01-24 17:33:35,23.3338
2024-01-24 17:32:35,23.3338
2024-01-24 17:31:35,23.3338
2024-01-24 17:30:35,23.3338
2024-01-24 17:29:35,23.3338
2024-01-24 17:28:35,23.3338
2024-01-24 17:27:35,23.3338
2024-01-24 17:26:35,23.3338
2024-01-24 17:25:35,23.3338
2024-01-24 17:24:35,23.3338
2024-01-24 17:23:35,23.3338
2024-01-24 17:22:35,23.3338
2024-01-24 17:21:35,23.3338
2024-01-24 17:20:35,23.3338
2024-01-24 17:19:35,23.3338
2024-01-24 17:18:35,23.3338
2024-01-24 17:17:35,23.3338
2024-01-24 17:16:35,23.3338
2024-01-24 17:15:35,23.3362
2024-01-24 17:14:35,23.3338
2024-01-24 17:13:35,23.3348
2024-01-24 17:12:35,23.3338
2024-01-24 17:11:35,23.3338
2024-01-24 17:10:35,23.3338
2024-01-24 17:09:35,23.3338
2024-01-24 17:08:35,23.3350
2024-01-24 17:07:35,23.3338
2024-01-24 17:06:35,23.3338
2024-01-24 17:05:35,23.3338
2024-01-24 17:04:35,23.3338
2024-01-24 17:03:35,23.3338
2024-01-24 17:02:35,23.3338
2024-01-24 17:01:35,23.3338
2024-01-24 17:00:35,23.3338
2024-01-24 16:59:35,23.3338
2024-01-24 16:58:35,23.3338
2024-01-24 16:57:35,23.3338
2024-01-24 16:56:35,23.3338
2024-01-24 16:55:35,23.3338
2024-01-24 16:54:35,23.3338
2024-01-24 16:53:35,23.3338
2024-01-24 16:52:35,23.3338
2024-01-24 16:51:35,23.3338
2024-01-24 16:50:35,23.3118
2024-01-24 16:49:35,23.3338
2024-01-24 16:48:35,23.3338
2024-01-24 16:47:35,23.3338
2024-01-24 16:46:35,23.3338
2024-01-24 16:45:35,23.3338
2024-01-24 16:44:35,23.3338
2024-01-24 16:43:35,23.3338
2024-01-24 16:42:35,23.3338
2024-01-24 16:41:35,23.3338
2024-01-24 16:40:35,23.3338
2024-01-24 16:39:35,23.3372
2024-01-24 16:38:35,23.3338
2024-01-24 16:37:35,23.3338
2024-01-24 16:36:35,23.3359
2024-01-24 16:35:35,23.3338
2024-01-24 16:34:35,23.3338
2024-01-24 16:33:35,23.3338
2024-01-24 16:32:35,23.3338
2024-01-24 16:31:35,23.3328
2024-01-24 16:30:35,23.3338
2024-01-24 16:29:35,23.3338
2024-01-24 16:28:35,23.3338
2024-01-24 16:27:35,23.3338
2024-01-24 16:26:35,23.3338
2024-01-24 16:25:35,23.3338
2024-01-24 16:24:35,23.3338
2024-01-24 16:23:35,23.3338
2024-01-24 16:22:35,23.3337
2024-01-24 16:21:35,23.3337
2024-01-24 16:20:35,23.3337
2024-01-24 16:19:35,23.3337
2024-01-24 16:18:35,23.3337
2024-01-24 16:17:35,23.3337
2024-01-24 16:16:35,23.3337
2024-01-24 16:15:35,23.3337
2024-01-24 16:14:35,23.3357
2024-01-24 16:13:35,23.3337
2024-01-24 16:12:35,23.3337
2024-01-24 16:11:35,23.3337
2024-01-24 16:10:35,23.3337
2024-01-24 16:09:35,23.3359
2024-01-24 16:08:35,23.3337
2024-01-24 16:07:35,23.3384
2024-01-24 16:06:35,23.3336
2024-01-24 16:05:35,23.3336
2024-01-24 16:04:35,23.3336
2024-01-24 16:03:35,23.3336
2024-01-24 16:02:35,23.3336
2024-01-24 16:01:35,23.3336
2024-01-24 16:00:35,23.3336
2024-01-24 15:59:35,23.3336
2024-01-24 15:58:35,23.3336
2024-01-24 15:57:35,23.3336
2024-01-24 15:56:35,23.3336
2024-01-24 15:55:35,23.3336
2024-01-24 15:54:35,23.3336
2024-01-24 15:53:35,23.3358
2024-01-24 15:52:35,23.3336
2024-01-24 15:51:35,23.3336
2024-01-24 15:50:35,23.3336
2024-01-24 15:49:35,23.3336
2024-01-24 15:48:35,23.3336
2024-01-24 15:47:35,23.3336
2024-01-24 15:46:35,23.3336
2024-01-24 15:45:35,23.3336
2024-01-24 15:44:35,23.3336
2024-01-24 15:43:35,23.3336
2024-01-24 15:42:35,23.3336
2024-01-24 15:41:35,23.3336
2024-01-24 15:40:35,23.3336
2024-01-24 15:39:35,23.3336
2024-01-24 15:38:35,23.3336
2024-01-24 15:37:35,23.3336
2024-01-24 15:36:35,23.3336
2024-01-24 15:35:35,23.3336
2024-01-24 15:34:35,23.3336
2024-01-24 15:33:35,23.3336
2024-01-24 15:32:35,23.3336
2024-01-24 15:31:35,23.3336
2024-01-24 15:30:35,23.3335
2024-01-24 15:29:35,23.3335
2024-01-24 15:28:35,23.3335
2024-01-24 15:27:35,23.3335
2024-01-24 15:25:35,23.3334
2024-01-24 15:24:35,23.3334
2024-01-24 15:23:35,23.3334
2024-01-24 15:22:35,23.3334
2024-01-24 15:21:35,23.3334
2024-01-24 15:20:35,23.3334
2024-01-24 15:19:35,23.3334
2024-01-24 15:18:35,23.3334
2024-01-24 15:17:35,23.3334
2024-01-24 15:16:35,23.3333
2024-01-24 15:15:35,23.3333
2024-01-24 15:14:35,23.3333
2024-01-24 15:13:35,23.3333
2024-01-24 15:12:35,23.3333
2024-01-24 15:11:35,23.3333
2024-01-24 15:10:35,23.3333
2024-01-24 15:09:35,23.3134
2024-01-24 15:08:35,23.3333
2024-01-24 15:07:35,23.3333
2024-01-24 15:06:35,23.3342
2024-01-24 15:05:35,23.3342
2024-01-24 15:04:35,23.3342
2024-01-24 15:03:35,23.3342
2024-01-24 15:02:35,23.3342
2024-01-24 15:01:35,23.3342
2024-01-24 15:00:35,23.3342
2024-01-24 14:59:35,23.3342
2024-01-24 14:58:35,23.3342
2024-01-24 14:57:35,23.3342
2024-01-24 14:56:35,23.3342
2024-01-24 14:55:35,23.3342
2024-01-24 14:54:35,23.3342
2024-01-24 14:53:35,23.3342
2024-01-24 14:52:35,23.3342
2024-01-24 14:51:35,23.3342
2024-01-24 14:50:35,23.3342
2024-01-24 14:49:35,23.3342
2024-01-24 14:48:35,23.3342
2024-01-24 14:47:35,23.3342
2024-01-24 14:46:35,23.3342
2024-01-24 14:45:35,23.3342
2024-01-24 14:44:35,23.3341
2024-01-24 14:43:35,23.3342
2024-01-24 14:42:35,23.3342
2024-01-24 14:41:35,23.3342
2024-01-24 14:40:35,23.3342
2024-01-24 14:39:35,23.3342
2024-01-24 14:38:35,23.3342
2024-01-24 14:37:35,23.3342
2024-01-24 14:36:35,23.3342
2024-01-24 14:35:35,23.3341
2024-01-24 14:34:35,23.3341
2024-01-24 14:33:35,23.3341
2024-01-24 14:32:35,23.3341
2024-01-24 14:31:35,23.3341
2024-01-24 14:30:35,23.3341
2024-01-24 14:29:35,23.3341
2024-01-24 14:28:35,23.3341
2024-01-24 14:27:35,23.3341
2024-01-24 14:26:35,23.3341
2024-01-24 14:25:35,23.3341
2024-01-24 14:24:35,23.3341
2024-01-24 14:23:35,23.3341
2024-01-24 14:22:35,23.3341
2024-01-24 14:21:35,23.3347
2024-01-24 14:20:35,23.3341
2024-01-24 14:19:35,23.3349
2024-01-24 14:18:35,23.3341
2024-01-24 14:17:35,23.3341
2024-01-24 14:16:35,23.3340
2024-01-24 14:15:35,23.3336
2024-01-24 14:14:35,23.3336
2024-01-24 14:13:35,23.3336
2024-01-24 14:12:35,23.3336
2024-01-24 14:11:35,23.3336
2024-01-24 14:10:35,23.3336
2024-01-24 14:09:35,23.3336
2024-01-24 14:08:35,23.3336
2024-01-24 14:07:35,23.3336
2024-01-24 14:06:35,23.3336
2024-01-24 14:05:35,23.3336
2024-01-24 14:04:35,23.3336
2024-01-24 14:03:35,23.3336
2024-01-24 14:02:35,23.3336
2024-01-24 14:01:35,23.3336
2024-01-24 14:00:35,23.3336
2024-01-24 13:59:35,23.3336
2024-01-24 13:58:35,23.3336
2024-01-24 13:57:35,23.3336
2024-01-24 13:56:35,23.3336
2024-01-24 13:55:35,23.3336
2024-01-24 13:54:35,23.3336
2024-01-24 13:53:35,23.3336
2024-01-24 13:52:35,23.3336
2024-01-24 13:51:35,23.3336
2024-01-24 13:50:35,23.3336
2024-01-24 13:49:35,23.3360
2024-01-24 13:48:35,23.3336
2024-01-24 13:47:35,23.3336
2024-01-24 13:46:35,23.3342
2024-01-24 13:45:35,23.3335
2024-01-24 13:44:35,23.3335
2024-01-24 13:43:35,23.3335
2024-01-24 13:42:35,23.3335
2024-01-24 13:41:35,23.3335
2024-01-24 13:40:35,23.3335
2024-01-24 13:39:35,23.3335
2024-01-24 13:38:35,23.3335
2024-01-24 13:37:35,23.3334
2024-01-24 13:36:35,23.3334
2024-01-24 13:35:35,23.3334
2024-01-24 13:34:35,23.3334
2024-01-24 13:33:35,23.3334
2024-01-24 13:32:35,23.3334
2024-01-24 13:31:35,23.3334
2024-01-24 13:30:35,23.3334
2024-01-24 13:29:35,23.3334
2024-01-24 13:28:35,23.3334
2024-01-24 13:27:35,23.3334
2024-01-24 13:26:35,23.3359
2024-01-24 13:25:35,23.3334
2024-01-24 13:24:35,23.3334
2024-01-24 13:23:35,23.3334
2024-01-24 13:22:35,23.3334
2024-01-24 13:21:35,23.3334
2024-01-24 13:20:35,23.3334
2024-01-24 13:19:35,23.3334
2024-01-24 13:18:35,23.3334
2024-01-24 13:17:35,23.3334
2024-01-24 13:16:35,23.3334
2024-01-24 13:15:35,23.3334
2024-01-24 13:14:35,23.3334
2024-01-24 13:13:35,23.3334
2024-01-24 13:12:35,23.3334
2024-01-24 13:11:35,23.3334
2024-01-24 13:10:35,23.3334
2024-01-24 13:09:35,23.3334
2024-01-24 13:08:35,23.3334
2024-01-24 13:07:35,23.3334
2024-01-24 13:06:35,23.3334
2024-01-24 13:05:35,23.3334
2024-01-24 13:04:35,23.3334
2024-01-24 13:03:35,23.3334
2024-01-24 13:02:35,23.3334
2024-01-24 13:01:35,23.3334
2024-01-24 13:00:35,23.3334
2024-01-24 12:59:35,23.3334
2024-01-24 12:58:35,23.3334
2024-01-24 12:57:35,23.3334
2024-01-24 12:56:35,23.3334
2024-01-24 12:55:35,23.3334
2024-01-24 12:54:35,23.3334
2024-01-24 12:53:35,23.3334
2024-01-24 12:52:35,23.3334
2024-01-24 12:51:35,23.3334
2024-01-24 12:50:35,23.3334
2024-01-24 12:49:35,23.3334
2024-01-24 12:48:35,23.3334
2024-01-24 12:47:35,23.3334
2024-01-24 12:46:35,23.3334
2024-01-24 12:45:35,23.3334
2024-01-24 12:44:35,23.3334
2024-01-24 12:43:35,23.3334
2024-01-24 12:42:35,23.3334
2024-01-24 12:41:35,23.3334
2024-01-24 12:40:35,23.3334
2024-01-24 12:39:35,23.3334
2024-01-24 12:38:35,23.3334
2024-01-24 12:37:35,23.3334
2024-01-24 12:36:35,23.3334
2024-01-24 12:35:35,23.3334
2024-01-24 12:34:35,23.3334
2024-01-24 12:33:35,23.3334
2024-01-24 12:32:35,23.3334
2024-01-24 12:31:35,23.3334
2024-01-24 12:30:35,23.3334
2024-01-24 12:29:35,23.3334
2024-01-24 12:28:35,23.3334
2024-01-24 12:27:35,23.3334
2024-01-24 12:26:35,23.3334
2024-01-24 12:25:35,23.3381
2024-01-24 12:24:35,23.3334
2024-01-24 12:23:35,23.3333
2024-01-24 12:22:35,23.3333
2024-01-24 12:21:35,23.3333
2024-01-24 12:20:35,23.3333
2024-01-24 12:19:35,23.3333
2024-01-24 12:18:35,23.3333
2024-01-24 12:17:35,23.3332
2024-01-24 12:16:35,23.3332
2024-01-24 12:15:35,23.3331
2024-01-24 12:14:35,23.3331
2024-01-24 12:13:35,23.3331
2024-01-24 12:12:35,23.3331
2024-01-24 12:11:35,23.3331
2024-01-24 12:10:35,23.3331
2024-01-24 12:09:35,23.3331
2024-01-24 12:08:35,23.3331
2024-01-24 12:07:35,23.3331
2024-01-24 12:06:35,23.3331
2024-01-24 12:05:35,23.3331
2024-01-24 12:04:35,23.3331
2024-01-24 12:03:35,23.3331
2024-01-24 12:02:35,23.3331
2024-01-24 12:01:35,23.3331
2024-01-24 12:00:35,23.3331
2024-01-24 11:59:35,23.3350
2024-01-24 11:58:35,23.3331
2024-01-24 11:57:35,23.3331
2024-01-24 11:56:35,23.3335
2024-01-24 11:55:35,23.3331
2024-01-24 11:54:35,23.3331
2024-01-24 11:53:35,23.3331
2024-01-24 11:52:35,23.3331
2024-01-24 11:51:35,23.3331
2024-01-24 11:50:35,23.3331
2024-01-24 11:49:35,23.3331
2024-01-24 11:48:35,23.3331
2024-01-24 11:47:35,23.3331
2024-01-24 11:46:35,23.3331
2024-01-24 11:45:35,23.3329
2024-01-24 11:44:35,23.3329
2024-01-24 11:43:35,23.3329
2024-01-24 11:42:35,23.3329
2024-01-24 11:41:35,23.3329
2024-01-24 11:40:35,23.3329
2024-01-24 11:39:35,23.3329
2024-01-24 11:38:35,23.3329
2024-01-24 11:37:35,23.3329
2024-01-24 11:36:35,23.3380
2024-01-24 11:35:35,23.3329
2024-01-24 11:34:35,23.3329
2024-01-24 11:33:35,23.3329
2024-01-24 11:32:35,23.3329
2024-01-24 11:31:35,23.3329
2024-01-24 11:30:35,23.3329
2024-01-24 11:29:35,23.3329
2024-01-24 11:28:35,23.3329
2024-01-24 11:27:35,23.3329
2024-01-24 11:26:35,23.3329
2024-01-24 11:25:35,23.3329
2024-01-24 11:24:35,23.3329
2024-01-24 11:23:35,23.3329
2024-01-24 11:22:35,23.3329
2024-01-24 11:21:35,23.3329
2024-01-24 11:20:35,23.3329
2024-01-24 11:19:35,23.3329
2024-01-24 11:18:35,23.3329
2024-01-24 11:17:35,23.3329
2024-01-24 11:16:35,23.3329
2024-01-24 11:15:35,23.3329
2024-01-24 11:14:35,23.3329
2024-01-24 11:13:35,23.3329
2024-01-24 11:12:35,23.3329
2024-01-24 11:11:35,23.3329
2024-01-24 11:10:35,23.3329
2024-01-24 11:09:35,23.3329
2024-01-24 11:08:35,23.3329
2024-01-24 11:07:35,23.3329
2024-01-24 11:06:35,23.3329
2024-01-24 11:05:35,23.3329
2024-01-24 11:04:35,23.3329
2024-01-24 11:03:35,23.3329
2024-01-24 11:02:35,23.3329
2024-01-24 11:01:35,23.3329
2024-01-24 11:00:35,23.3329
2024-01-24 10:59:35,23.3329
2024-01-24 10:58:35,23.3329
2024-01-24 10:57:35,23.3328
2024-01-24 10:56:35,23.3328
2024-01-24 10:55:35,23.3328
2024-01-24 10:54:35,23.3328
2024-01-24 10:53:35,23.3328
2024-01-24 10:52:35,23.3328
2024-01-24 10:51:35,23.3328
2024-01-24 10:50:35,23.3328
2024-01-24 10:49:35,23.3328
2024-01-24 10:48:35,23.3328
2024-01-24 10:47:35,23.3328
2024-01-24 10:46:35,23.3328
2024-01-24 10:45:35,23.3328
2024-01-24 10:44:35,23.3328
2024-01-24 10:43:35,23.3052
2024-01-24 10:42:35,23.3328
2024-01-24 10:41:35,23.3328
2024-01-24 10:40:35,23.3328
2024-01-24 10:39:35,23.3328
2024-01-24 10:38:35,23.3328
2024-01-24 10:37:35,23.3328
2024-01-24 10:36:35,23.3328
2024-01-24 10:35:35,23.3328
2024-01-24 10:34:35,23.3328
2024-01-24 10:33:35,23.3328
2024-01-24 10:32:35,23.3328
2024-01-24 10:31:35,23.3328
2024-01-24 10:30:35,23.3328
2024-01-24 10:29:35,23.3328
2024-01-24 10:28:35,23.3328
2024-01-24 10:27:35,23.3328
2024-01-24 10:26:35,23.3328
2024-01-24 10:25:35,23.3328
2024-01-24 10:24:35,23.3328
2024-01-24 10:23:35,23.3328
2024-01-24 10:22:35,23.3326
2024-01-24 10:21:35,23.3326
2024-01-24 10:20:35,23.3326
2024-01-24 10:19:35,23.3326
2024-01-24 10:18:35,23.3326
2024-01-24 10:17:35,23.3326
2024-01-24 10:16:35,23.3326
2024-01-24 10:15:35,23.3326
2024-01-24 10:14:35,23.3326
2024-01-24 10:13:35,23.3326
2024-01-24 10:12:35,23.3326
2024-01-24 10:11:35,23.3326
2024-01-24 10:10:35,23.3326
2024-01-24 10:09:35,23.3326
2024-01-24 10:08:35,23.3326
2024-01-24 10:07:35,23.3326
2024-01-24 10:06:35,23.3326
2024-01-24 10:05:35,23.3350
2024-01-24 10:04:35,23.3326
2024-01-24 10:03:35,23.3326
2024-01-24 10:02:35,23.3326
2024-01-24 10:01:35,23.3326
2024-01-24 10:00:35,23.3326
2024-01-24 09:59:35,23.3326
2024-01-24 09:58:35,23.3326
2024-01-24 09:57:35,23.3326
2024-01-24 09:56:35,23.3326
2024-01-24 09:55:35,23.3326
2024-01-24 09:54:35,23.3326
2024-01-24 09:53:35,23.3326
2024-01-24 09:52:35,23.3325
2024-01-24 09:51:35,23.3325
2024-01-24 09:50:35,23.3325
2024-01-24 09:49:35,23.3325
2024-01-24 09:48:35,23.3325
2024-01-24 09:47:35,23.3325
2024-01-24 09:46:35,23.3325
2024-01-24 09:45:35,23.3376
2024-01-24 09:44:35,23.3325
2024-01-24 09:43:35,23.3325
2024-01-24 09:42:35,23.3353
2024-01-24 09:41:35,23.3325
2024-01-24 09:40:35,23.3324
2024-01-24 09:39:35,23.3324
2024-01-24 09:38:35,23.3324
2024-01-24 09:37:35,23.3324
2024-01-24 09:36:35,23.3324
2024-01-24 09:35:35,23.3324
2024-01-24 09:34:35,23.3324
2024-01-24 09:33:35,23.3324
2024-01-24 09:32:35,23.3324
2024-01-24 09:31:35,23.3324
2024-01-24 09:30:35,23.3324
2024-01-24 09:29:35,23.3324
2024-01-24 09:28:35,23.3324
2024-01-24 09:27:35,23.3324
2024-01-24 09:26:35,23.3324
2024-01-24 09:25:35,23.3324
2024-01-24 09:24:35,23.3324
2024-01-24 09:23:35,23.3330
2024-01-24 09:22:35,23.3324
2024-01-24 09:21:35,23.3324
2024-01-24 09:20:35,23.3324
2024-01-24 09:19:35,23.3324
2024-01-24 09:18:35,23.3324
2024-01-24 09:17:35,23.3324
2024-01-24 09:16:35,23.3324
2024-01-24 09:15:35,23.3324
2024-01-24 09:14:35,23.3324
2024-01-24 09:13:35,23.3324
2024-01-24 09:12:35,23.3324
2024-01-24 09:11:35,23.3352
2024-01-24 09:10:35,23.3324
2024-01-24 09:09:35,23.3275
2024-01-24 09:08:35,23.3348
2024-01-24 09:07:35,23.3348
2024-01-24 09:06:35,23.3348
2024-01-24 09:05:35,23.3344
2024-01-24 09:04:35,23.3348
2024-01-24 09:03:35,23.3348
2024-01-24 09:02:35,23.3348
2024-01-24 09:01:35,23.3348
2024-01-24 09:00:35,23.3348
2024-01-24 08:59:35,23.3348
2024-01-24 08:58:35,23.3348
2024-01-24 08:57:35,23.3348
2024-01-24 08:56:35,23.3348
2024-01-24 08:55:35,23.3348
2024-01-24 08:54:35,23.3348
2024-01-24 08:53:35,23.3348
2024-01-24 08:52:35,23.3348
2024-01-24 08:51:35,23.3348
2024-01-24 08:50:35,23.3378
2024-01-24 08:49:35,23.3348
2024-01-24 08:48:35,23.3348
2024-01-24 08:47:35,23.3348
2024-01-24 08:46:35,23.3348
2024-01-24 08:45:35,23.3348
2024-01-24 08:44:35,23.3348
2024-01-24 08:43:35,23.3348
2024-01-24 08:42:35,23.3348
2024-01-24 08:41:35,23.3348
2024-01-24 08:40:35,23.3348
2024-01-24 08:39:35,23.3348
2024-01-24 08:38:35,23.3348
2024-01-24 08:37:35,23.3348
2024-01-24 08:36:35,23.3348
2024-01-24 08:35:35,23.3348
2024-01-24 08:34:35,23.3348
2024-01-24 08:33:35,23.3348
2024-01-24 08:32:35,23.3346
2024-01-24 08:31:35,23.3346
2024-01-24 08:30:35,23.3346
2024-01-24 08:29:35,23.3346
2024-01-24 08:28:35,23.3346
2024-01-24 08:27:35,23.3346
2024-01-24 08:26:35,23.3346
2024-01-24 08:25:35,23.3346
2024-01-24 08:24:35,23.3346
2024-01-24 08:23:35,23.3366
2024-01-24 08:22:35,23.3345
2024-01-24 08:21:35,23.3345
2024-01-24 08:20:35,23.3345
2024-01-24 08:19:35,23.3345
2024-01-24 08:18:35,23.3345
2024-01-24 08:17:35,23.3345
2024-01-24 08:16:35,23.3345
2024-01-24 08:15:35,23.3345
2024-01-24 08:14:35,23.3345
2024-01-24 08:13:35,23.3350
2024-01-24 08:12:35,23.3345
2024-01-24 08:11:35,23.3345
2024-01-24 08:10:35,23.3345
2024-01-24 08:09:35,23.3345
2024-01-24 08:08:35,23.3345
2024-01-24 08:07:35,23.3345
2024-01-24 08:06:35,23.3345
2024-01-24 08:05:35,23.3345
2024-01-24 08:04:35,23.3345
2024-01-24 08:03:35,23.3345
2024-01-24 08:02:35,23.3345
2024-01-24 08:01:35,23.3345
2024-01-24 08:00:35,23.3345
2024-01-24 07:59:35,23.3345
2024-01-24 07:58:35,23.3345
2024-01-24 07:57:35,23.3345
2024-01-24 07:56:35,23.3345
2024-01-24 07:55:35,23.3345
2024-01-24 07:54:35,23.3345
2024-01-24 07:53:35,23.3345
2024-01-24 07:52:35,23.3345
2024-01-24 07:51:35,23.3344
2024-01-24 07:50:35,23.3344
2024-01-24 07:49:35,23.3344
2024-01-24 07:48:35,23.3344
2024-01-24 07:47:35,23.3344
2024-01-24 07:46:35,23.3344
2024-01-24 07:45:35,23.3344
2024-01-24 07:44:35,23.3344
2024-01-24 07:43:35,23.3344
2024-01-24 07:42:35,23.3344
2024-01-24 07:41:35,23.3344
2024-01-24 07:40:35,23.3344
2024-01-24 07:39:35,23.3344
2024-01-24 07:38:35,23.3344
2024-01-24 07:37:35,23.3344
2024-01-24 07:36:35,23.3344
2024-01-24 07:35:35,23.3344
2024-01-24 07:34:35,23.3344
2024-01-24 07:33:35,23.3344
2024-01-24 07:32:35,23.3344
2024-01-24 07:31:35,23.3344
2024-01-24 07:30:35,23.3344
2024-01-24 07:29:35,23.3344
2024-01-24 07:28:35,23.3344
2024-01-24 07:27:35,23.3344
2024-01-24 07:26:35,23.3344
2024-01-24 07:25:35,23.3344
2024-01-24 07:24:35,23.3344
2024-01-24 07:23:35,23.3344
2024-01-24 07:22:35,23.3344
2024-01-24 07:21:35,23.3344
2024-01-24 07:20:35,23.3344
2024-01-24 07:19:35,23.3344
2024-01-24 07:18:35,23.3344
2024-01-24 07:17:35,23.3344
2024-01-24 07:16:35,23.3343
2024-01-24 07:15:35,23.3367
2024-01-24 07:14:35,23.3343
2024-01-24 07:13:35,23.3343
2024-01-24 07:12:35,23.3343
2024-01-24 07:11:35,23.3343
2024-01-24 07:10:35,23.3343
2024-01-24 07:09:35,23.3343
2024-01-24 07:08:35,23.3343
2024-01-24 07:07:35,23.3343
2024-01-24 07:06:35,23.3343
2024-01-24 07:05:35,23.3342
2024-01-24 07:04:35,23.3342
2024-01-24 07:03:35,23.3342
2024-01-24 07:02:35,23.3342
2024-01-24 07:01:35,23.3342
2024-01-24 07:00:35,23.3342
2024-01-24 06:59:35,23.3342
2024-01-24 06:58:35,23.3342
2024-01-24 06:57:35,23.3342
2024-01-24 06:56:35,23.3342
2024-01-24 06:55:35,23.3342
2024-01-24 06:54:35,23.3342
2024-01-24 06:53:35,23.3342
2024-01-24 06:52:35,23.3342
2024-01-24 06:51:35,23.3342
2024-01-24 06:50:35,23.3342
2024-01-24 06:49:35,23.3342
2024-01-24 06:48:35,23.3342
2024-01-24 06:47:35,23.3342
2024-01-24 06:46:35,23.3342
2024-01-24 06:45:35,23.3342
2024-01-24 06:44:35,23.3342
2024-01-24 06:43:35,23.3342
2024-01-24 06:42:35,23.3342
2024-01-24 06:41:35,23.3342
2024-01-24 06:40:35,23.3342
2024-01-24 06:39:35,23.3342
2024-01-24 06:38:35,23.3341
2024-01-24 06:37:35,23.3341
2024-01-24 06:36:35,23.3341
2024-01-24 06:35:35,23.3341
2024-01-24 06:34:35,23.3341
2024-01-24 06:33:35,23.3341
2024-01-24 06:32:35,23.3341
2024-01-24 06:31:35,23.3341
2024-01-24 06:30:35,23.3341
2024-01-24 06:29:35,23.3341
2024-01-24 06:28:35,23.3340
2024-01-24 06:27:35,23.3340
2024-01-24 06:26:35,23.3340
2024-01-24 06:25:35,23.3340
2024-01-24 06:24:35,23.3340
2024-01-24 06:23:35,23.3340
2024-01-24 06:22:35,23.3340
2024-01-24 06:21:35,23.3360
2024-01-24 06:20:35,23.3340
2024-01-24 06:19:35,23.3340
2024-01-24 06:18:35,23.3332
2024-01-24 06:17:35,23.3340
2024-01-24 06:16:35,23.3340
2024-01-24 06:15:35,23.3346
2024-01-24 06:14:35,23.3365
2024-01-24 06:13:35,23.3340
2024-01-24 06:12:35,23.3340
2024-01-24 06:11:35,23.3340
2024-01-24 06:10:35,23.3340
2024-01-24 06:09:35,23.3340
2024-01-24 06:08:35,23.3340
2024-01-24 06:07:35,23.3340
2024-01-24 06:06:35,23.3340
2024-01-24 06:05:35,23.3340
2024-01-24 06:04:35,23.3340
2024-01-24 06:03:35,23.3340
2024-01-24 06:02:35,23.3340
2024-01-24 06:01:35,23.3340
2024-01-24 06:00:35,23.3340
2024-01-24 05:59:35,23.3340
2024-01-24 05:58:35,23.3340
2024-01-24 05:57:35,23.3340
2024-01-24 05:56:35,23.3340
2024-01-24 05:55:35,23.3340
2024-01-24 05:54:35,23.3340
2024-01-24 05:53:35,23.3340
2024-01-24 05:52:35,23.3339
2024-01-24 05:51:35,23.3339
2024-01-24 05:50:35,23.3339
2024-01-24 05:49:35,23.3339
2024-01-24 05:48:35,23.3339
2024-01-24 05:47:35,23.3339
2024-01-24 05:46:35,23.3152
2024-01-24 05:45:35,23.3339
2024-01-24 05:44:35,23.3339
2024-01-24 05:43:35,23.3339
2024-01-24 05:42:35,23.3339
2024-01-24 05:41:35,23.3339
2024-01-24 05:40:35,23.3338
2024-01-24 05:39:35,23.3338
2024-01-24 05:38:35,23.3338
2024-01-24 05:37:35,23.3338
2024-01-24 05:36:35,23.3338
2024-01-24 05:35:35,23.3338
2024-01-24 05:34:35,23.3338
2024-01-24 05:33:35,23.3346
2024-01-24 05:32:35,23.3338
2024-01-24 05:31:35,23.3338
2024-01-24 05:30:35,23.3338
2024-01-24 05:29:35,23.3338
2024-01-24 05:28:35,23.3338
2024-01-24 05:27:35,23.3338
2024-01-24 05:26:35,23.3362
2024-01-24 05:25:35,23.3338
2024-01-24 05:24:35,23.3338
2024-01-24 05:23:35,23.3338
2024-01-24 05:22:35,23.3338
2024-01-24 05:21:35,23.3362
2024-01-24 05:20:35,23.3338
2024-01-24 05:19:35,23.3338
2024-01-24 05:18:35,23.3338
2024-01-24 05:17:35,23.3337
2024-01-24 05:16:35,23.3337
2024-01-24 05:15:35,23.3337
2024-01-24 05:14:35,23.3337
2024-01-24 05:13:35,23.3336
2024-01-24 05:12:35,23.3336
2024-01-24 05:11:35,23.3336
2024-01-24 05:10:35,23.3336
2024-01-24 05:09:35,23.3336
2024-01-24 05:08:35,23.3336
2024-01-24 05:07:35,23.3341
2024-01-24 05:06:35,23.3336
2024-01-24 05:05:35,23.3336
2024-01-24 05:04:35,23.3336
2024-01-24 05:03:35,23.3336
2024-01-24 05:02:35,23.3336
2024-01-24 05:01:35,23.3336
2024-01-24 05:00:35,23.3336
2024-01-24 04:59:35,23.3336
2024-01-24 04:58:35,23.3336
2024-01-24 04:57:35,23.3336
2024-01-24 04:56:35,23.3336
2024-01-24 04:55:35,23.3336
2024-01-24 04:54:35,23.3336
2024-01-24 04:53:35,23.3336
2024-01-24 04:52:35,23.3336
2024-01-24 04:51:35,23.3335
2024-01-24 04:50:35,23.3335
2024-01-24 04:49:35,23.3335
2024-01-24 04:48:35,23.3335
2024-01-24 04:47:35,23.3335
2024-01-24 04:46:35,23.3335
2024-01-24 04:45:35,23.3335
2024-01-24 04:44:35,23.3335
2024-01-24 04:43:35,23.3335
2024-01-24 04:42:35,23.3335
2024-01-24 04:41:35,23.3335
2024-01-24 04:40:35,23.3334
2024-01-24 04:39:35,23.3334
2024-01-24 04:38:35,23.3352
2024-01-24 04:37:35,23.3334
2024-01-24 04:36:35,23.3334
2024-01-24 04:35:35,23.3334
2024-01-24 04:34:35,23.3333
2024-01-24 04:33:35,23.3333
2024-01-24 04:32:35,23.3333
2024-01-24 04:31:35,23.3333
2024-01-24 04:30:35,23.3333
2024-01-24 04:29:35,23.3333
2024-01-24 04:28:35,23.3333
2024-01-24 04:27:35,23.3332
2024-01-24 04:26:35,23.3332
2024-01-24 04:25:35,23.3332
2024-01-24 04:24:35,23.3331
2024-01-24 04:23:35,23.3331
2024-01-24 04:22:35,23.3331
2024-01-24 04:21:35,23.3331
2024-01-24 04:20:35,23.3331
2024-01-24 04:19:35,23.3331
2024-01-24 04:18:35,23.3331
2024-01-24 04:17:35,23.3331
2024-01-24 04:16:35,23.3331
2024-01-24 04:15:35,23.3331
2024-01-24 04:14:35,23.3331
2024-01-24 04:13:35,23.3331
2024-01-24 04:12:35,23.3331
2024-01-24 04:11:35,23.3331
2024-01-24 04:10:35,23.3331
2024-01-24 04:09:35,23.3331
2024-01-24 04:08:35,23.3365
2024-01-24 04:07:35,23.3344
2024-01-24 04:06:35,23.3344
2024-01-24 04:05:35,23.3344
2024-01-24 04:04:35,23.3344
2024-01-24 04:03:35,23.3344
2024-01-24 04:02:35,23.3343
2024-01-24 04:01:35,23.3344
2024-01-24 04:00:35,23.3344
2024-01-24 03:59:35,23.3344
2024-01-24 03:58:35,23.3344
2024-01-24 03:57:35,23.3344
2024-01-24 03:56:35,23.3365
2024-01-24 03:55:35,23.3344
2024-01-24 03:54:35,23.3344
2024-01-24 03:53:35,23.3375
2024-01-24 03:52:35,23.3367
2024-01-24 03:51:35,23.3344
2024-01-24 03:50:35,23.3344
2024-01-24 03:49:35,23.3343
2024-01-24 03:48:35,23.3361
2024-01-24 03:47:35,23.3343
2024-01-24 03:46:35,23.3343
2024-01-24 03:45:35,23.3147
2024-01-24 03:44:35,23.3343
2024-01-24 03:43:35,23.3343
2024-01-24 03:42:35,23.3343
2024-01-24 03:41:35,23.3343
2024-01-24 03:40:35,23.3343
2024-01-24 03:39:35,23.3343
2024-01-24 03:38:35,23.3343
2024-01-24 03:37:35,23.3343
2024-01-24 03:36:35,23.3343
2024-01-24 03:35:35,23.3343
2024-01-24 03:34:35,23.3343
2024-01-24 03:33:35,23.3343
2024-01-24 03:32:35,23.3343
2024-01-24 03:31:35,23.3342
2024-01-24 03:30:35,23.3342
2024-01-24 03:29:35,23.3342
2024-01-24 03:28:35,23.3342
2024-01-24 03:27:35,23.3342
2024-01-24 03:26:35,23.3342
2024-01-24 03:25:35,23.3342
2024-01-24 03:24:35,23.3341
2024-01-24 03:23:35,23.3341
2024-01-24 03:22:35,23.3341
2024-01-24 03:21:35,23.3341
2024-01-24 03:20:35,23.3341
2024-01-24 03:19:35,23.3341
2024-01-24 03:18:35,23.3341
2024-01-24 03:17:35,23.3341
2024-01-24 03:16:35,23.3341
2024-01-24 03:15:35,23.3341
2024-01-24 03:14:35,23.3341
2024-01-24 03:13:35,23.3341
2024-01-24 03:12:35,23.3341
2024-01-24 03:11:35,23.3353
2024-01-24 03:10:35,23.3341
2024-01-24 03:09:35,23.3341
2024-01-24 03:08:35,23.3341
2024-01-24 03:07:35,23.3341
2024-01-24 03:06:35,23.3341
2024-01-24 03:05:35,23.3341
2024-01-24 03:04:35,23.3341
2024-01-24 03:03:35,23.3341
2024-01-24 03:02:35,23.3341
2024-01-24 03:01:35,23.3341
2024-01-24 03:00:35,23.3340
2024-01-24 02:59:35,23.3341
2024-01-24 02:58:35,23.3341
2024-01-24 02:57:35,23.3341
2024-01-24 02:56:35,23.3341
2024-01-24 02:55:35,23.3341
2024-01-24 02:54:35,23.3341
2024-01-24 02:53:35,23.3341
2024-01-24 02:52:35,23.3341
2024-01-24 02:51:35,23.3340
2024-01-24 02:50:35,23.3340
2024-01-24 02:49:35,23.3340
2024-01-24 02:48:35,23.3340
2024-01-24 02:47:35,23.3340
2024-01-24 02:46:35,23.3340
2024-01-24 02:45:35,23.3339
2024-01-24 02:44:35,23.3339
2024-01-24 02:43:35,23.3339
2024-01-24 02:42:35,23.3339
2024-01-24 02:41:35,23.3339
2024-01-24 02:40:35,23.3339
2024-01-24 02:39:35,23.3339
2024-01-24 02:38:35,23.3339
2024-01-24 02:37:35,23.3339
2024-01-24 02:36:35,23.3339
2024-01-24 02:35:35,23.3339
2024-01-24 02:34:35,23.3339
2024-01-24 02:33:35,23.3339
2024-01-24 02:32:35,23.3137
2024-01-24 02:31:35,23.3339
2024-01-24 02:30:35,23.3349
2024-01-24 02:29:35,23.3339
2024-01-24 02:28:35,23.3339
2024-01-24 02:27:35,23.3339
2024-01-24 02:26:35,23.3339
2024-01-24 02:25:35,23.3339
2024-01-24 02:24:35,23.3339
2024-01-24 02:23:35,23.3339
2024-01-24 02:22:35,23.3339
2024-01-24 02:21:35,23.3339
2024-01-24 02:20:35,23.3339
2024-01-24 02:19:35,23.3368
2024-01-24 02:18:35,23.3358
2024-01-24 02:17:35,23.3337
2024-01-24 02:16:35,23.3337
2024-01-24 02:15:35,23.3337
2024-01-24 02:14:35,23.3337
2024-01-24 02:13:35,23.3337
2024-01-24 02:12:35,23.3337
2024-01-24 02:11:35,23.3337
2024-01-24 02:10:35,23.3337
2024-01-24 02:09:35,23.3337
2024-01-24 02:08:35,23.3343
2024-01-24 02:07:35,23.3337
2024-01-24 02:06:35,23.3337
2024-01-24 02:05:35,23.3337
2024-01-24 02:04:35,23.3337
2024-01-24 02:03:35,23.3337
2024-01-24 02:02:35,23.3337
2024-01-24 02:01:35,23.3337
2024-01-24 02:00:35,23.3337
2024-01-24 01:59:35,23.3337
2024-01-24 01:58:35,23.3337
2024-01-24 01:57:35,23.3337
2024-01-24 01:56:35,23.3337
2024-01-24 01:55:35,23.3337
2024-01-24 01:54:35,23.3337
2024-01-24 01:53:35,23.3337
2024-01-24 01:52:35,23.3337
2024-01-24 01:51:35,23.3337
2024-01-24 01:50:35,23.3337
2024-01-24 01:49:35,23.3337
2024-01-24 01:48:35,23.3359
2024-01-24 01:47:35,23.3337
2024-01-24 01:46:35,23.3337
2024-01-24 01:45:35,23.3337
2024-01-24 01:44:35,23.3337
2024-01-24 01:43:35,23.3337
2024-01-24 01:42:35,23.3337
2024-01-24 01:41:35,23.3337
2024-01-24 01:40:35,23.3337
2024-01-24 01:39:35,23.3337
2024-01-24 01:38:35,23.3337
2024-01-24 01:37:35,23.3362
2024-01-24 01:36:35,23.3337
2024-01-24 01:35:35,23.3359
2024-01-24 01:34:35,23.3337
2024-01-24 01:33:35,23.3337
2024-01-24 01:32:35,23.3337
2024-01-24 01:31:35,23.3337
2024-01-24 01:30:35,23.3337
2024-01-24 01:29:35,23.3337
2024-01-24 01:28:35,23.3363
2024-01-24 01:27:35,23.3336
2024-01-24 01:26:35,23.3336
2024-01-24 01:25:35,23.3336
2024-01-24 01:24:35,23.3335
2024-01-24 01:23:35,23.3347
2024-01-24 01:22:35,23.3335
2024-01-24 01:21:35,23.3335
2024-01-24 01:20:35,23.3335
2024-01-24 01:19:35,23.3335
2024-01-24 01:18:35,23.3335
2024-01-24 01:17:35,23.3335
2024-01-24 01:16:35,23.3334
2024-01-24 01:15:35,23.3334
2024-01-24 01:14:35,23.3334
2024-01-24 01:13:35,23.3334
2024-01-24 01:12:35,23.3334
2024-01-24 01:11:35,23.3334
2024-01-24 01:10:35,23.3334
2024-01-24 01:09:35,23.3334
2024-01-24 01:08:35,23.3334
2024-01-24 01:07:35,23.3334
2024-01-24 01:06:35,23.3333
2024-01-24 01:05:35,23.3333
2024-01-24 01:04:35,23.3333
2024-01-24 01:03:35,23.3333
2024-01-24 01:02:35,23.3333
2024-01-24 01:01:35,23.3333
2024-01-24 01:00:35,23.3333
2024-01-24 00:59:35,23.3333
2024-01-24 00:58:35,23.3333
2024-01-24 00:57:35,23.3333
2024-01-24 00:56:35,23.3333
2024-01-24 00:55:35,23.3333
2024-01-24 00:54:35,23.3333
2024-01-24 00:53:35,23.3333
2024-01-24 00:52:35,23.3333
2024-01-24 00:51:35,23.3333
2024-01-24 00:50:35,23.3332
2024-01-24 00:49:35,23.3332
2024-01-24 00:48:35,23.3332
2024-01-24 00:47:35,23.3332
2024-01-24 00:46:35,23.3332
2024-01-24 00:45:35,23.3383
2024-01-24 00:44:35,23.3332
2024-01-24 00:43:35,23.3332
2024-01-24 00:42:35,23.3332
2024-01-24 00:41:35,23.3332
2024-01-24 00:40:35,23.3332
2024-01-24 00:39:35,23.3332
2024-01-24 00:38:35,23.3332
2024-01-24 00:37:35,23.3332
2024-01-24 00:36:35,23.3332
2024-01-24 00:35:35,23.3332
2024-01-24 00:34:35,23.3331
2024-01-24 00:33:35,23.3331
2024-01-24 00:32:35,23.3331
2024-01-24 00:31:35,23.3331
2024-01-24 00:30:35,23.3331
2024-01-24 00:29:35,23.3331
2024-01-24 00:28:35,23.3331
2024-01-24 00:27:35,23.3331
2024-01-24 00:26:35,23.3331
2024-01-24 00:25:35,23.3331
2024-01-24 00:24:35,23.3331
2024-01-24 00:23:35,23.3331
2024-01-24 00:22:35,23.3331
2024-01-24 00:21:35,23.3331
2024-01-24 00:20:35,23.3331
2024-01-24 00:19:35,23.3331
2024-01-24 00:18:35,23.3331
2024-01-24 00:17:35,23.3331
2024-01-24 00:16:35,23.3331
2024-01-24 00:15:35,23.3331
2024-01-24 00:14:35,23.3331
2024-01-24 00:13:35,23.3331
2024-01-24 00:12:35,23.3331
2024-01-24 00:11:35,23.3330
2024-01-24 00:10:35,23.3330
2024-01-24 00:09:35,23.3330
2024-01-24 00:08:35,23.3330
2024-01-24 00:07:35,23.3330
2024-01-24 00:06:35,23.3330
2024-01-24 00:05:35,23.3330
2024-01-24 00:04:35,23.3330
2024-01-24 00:03:35,23.3330
2024-01-24 00:02:35,23.3330
2024-01-24 00:01:35,23.3330
2024-01-24 00:00:35,23.3329
2024-01-23 23:59:35,23.3300
2024-01-23 23:58:35,23.3360
2024-01-23 23:57:35,23.3337
2024-01-23 23:56:35,23.3337
2024-01-23 23:55:35,23.3337
2024-01-23 23:54:35,23.3337
2024-01-23 23:53:35,23.3337
2024-01-23 23:52:35,23.3336
2024-01-23 23:51:35,23.3337
2024-01-23 23:50:35,23.3336
2024-01-23 23:49:35,23.3336
2024-01-23 23:48:35,23.3335
2024-01-23 23:47:35,23.3334
2024-01-23 23:46:35,23.3334
2024-01-23 23:45:35,23.3334
2024-01-23 23:44:35,23.3334
2024-01-23 23:43:35,23.3334
2024-01-23 23:42:35,23.3334
2024-01-23 23:41:35,23.3334
2024-01-23 23:40:35,23.3334
2024-01-23 23:39:35,23.3334
2024-01-23 23:38:35,23.3334
2024-01-23 23:37:35,23.3334
2024-01-23 23:36:35,23.3357
2024-01-23 23:35:35,23.3333
2024-01-23 23:34:35,23.3333
2024-01-23 23:33:35,23.3332
2024-01-23 23:32:35,23.3332
2024-01-23 23:31:35,23.3332
2024-01-23 23:30:35,23.3332
2024-01-23 23:29:35,23.3332
2024-01-23 23:28:35,23.3332
2024-01-23 23:27:35,23.3332
2024-01-23 23:26:35,23.3332
2024-01-23 23:25:35,23.3331
2024-01-23 23:24:35,23.3365
2024-01-23 23:23:35,23.3331
2024-01-23 23:22:35,23.3331
2024-01-23 23:21:35,23.3331
2024-01-23 23:20:35,23.3331
2024-01-23 23:19:35,23.3331
2024-01-23 23:18:35,23.3331
2024-01-23 23:17:35,23.3331
2024-01-23 23:16:35,23.3331
2024-01-23 23:15:35,23.3331
2024-01-23 23:14:35,23.3329
2024-01-23 23:13:35,23.3329
2024-01-23 23:12:35,23.3329
2024-01-23 23:11:35,23.3329
2024-01-23 23:10:35,23.3329
2024-01-23 23:09:35,23.3328
2024-01-23 23:08:35,23.3327
2024-01-23 23:07:35,23.3327
2024-01-23 23:06:35,23.3327
2024-01-23 23:05:35,23.3327
2024-01-23 23:04:35,23.3327
2024-01-23 23:03:35,23.3327
2024-01-23 23:02:35,23.3327
2024-01-23 23:01:35,23.3327
2024-01-23 23:00:35,23.3326
2024-01-23 22:59:35,23.3326
2024-01-23 22:58:35,23.3326
2024-01-23 22:57:35,23.3326
2024-01-23 22:56:35,23.3326
2024-01-23 22:55:35,23.3326
2024-01-23 22:54:35,23.3326
2024-01-23 22:53:35,23.3326
2024-01-23 22:52:35,23.3326
2024-01-23 22:51:35,23.3325
2024-01-23 22:50:35,23.3332
2024-01-23 22:49:35,23.3325
2024-01-23 22:48:35,23.3324
2024-01-23 22:47:35,23.3323
2024-01-23 22:46:35,23.3323
2024-01-23 22:45:35,23.3323
2024-01-23 22:44:35,23.3323
2024-01-23 22:43:35,23.3323
2024-01-23 22:42:35,23.3323
2024-01-23 22:41:35,23.3323
2024-01-23 22:40:35,23.3323
2024-01-23 22:39:35,23.3323
2024-01-23 22:38:35,23.3323
2024-01-23 22:37:35,23.3323
2024-01-23 22:36:35,23.3323
2024-01-23 22:35:35,23.3323
2024-01-23 22:34:35,23.3323
2024-01-23 22:33:35,23.3323
2024-01-23 22:32:35,23.3323
2024-01-23 22:31:35,23.3323
2024-01-23 22:30:35,23.3323
2024-01-23 22:29:35,23.3323
2024-01-23 22:28:35,23.3323
2024-01-23 22:27:35,23.3323
2024-01-23 22:26:35,23.3323
2024-01-23 22:25:35,23.3323
2024-01-23 22:24:35,23.3323
2024-01-23 22:23:35,23.3323
2024-01-23 22:22:35,23.3322
2024-01-23 22:21:35,23.3322
2024-01-23 22:20:35,23.3322
2024-01-23 22:19:35,23.3322
2024-01-23 22:18:35,23.3322
2024-01-23 22:17:35,23.3320
2024-01-23 22:16:35,23.3320
2024-01-23 22:15:35,23.3320
2024-01-23 22:14:35,23.3320
2024-01-23 22:13:35,23.3320
2024-01-23 22:12:35,23.3320
2024-01-23 22:11:35,23.3320
2024-01-23 22:10:35,23.3320
2024-01-23 22:09:35,23.3320
2024-01-23 22:08:35,23.3320
2024-01-23 22:07:35,23.3318
2024-01-23 22:06:35,23.3318
2024-01-23 22:05:35,23.3318
2024-01-23 22:04:35,23.3317
2024-01-23 22:03:35,23.3317
2024-01-23 22:02:35,23.3317
2024-01-23 22:01:35,23.3317
2024-01-23 22:00:35,23.3317
2024-01-23 21:59:35,23.3317
2024-01-23 21:58:35,23.3317
2024-01-23 21:57:35,23.3317
2024-01-23 21:56:35,23.3317
2024-01-23 21:55:35,23.3317
2024-01-23 21:54:35,23.3317
2024-01-23 21:53:35,23.3317
2024-01-23 21:52:35,23.3317
2024-01-23 21:51:35,23.3317
2024-01-23 21:50:35,23.3317
2024-01-23 21:49:35,23.3317
2024-01-23 21:48:35,23.3317
2024-01-23 21:47:35,23.3315
2024-01-23 21:46:35,23.3315
2024-01-23 21:45:35,23.3315
2024-01-23 21:44:35,23.3315
2024-01-23 21:43:35,23.3315
2024-01-23 21:42:35,23.3315
2024-01-23 21:41:35,23.3315
2024-01-23 21:40:35,23.3314
2024-01-23 21:39:35,23.3314
2024-01-23 21:38:35,23.3314
2024-01-23 21:37:35,23.3314
2024-01-23 21:36:35,23.3314
2024-01-23 21:35:35,23.3314
2024-01-23 21:34:35,23.3313
2024-01-23 21:33:35,23.3313
2024-01-23 21:32:35,23.3312
2024-01-23 21:31:35,23.3312
2024-01-23 21:30:35,23.3351
2024-01-23 21:29:35,23.3350
2024-01-23 21:28:35,23.3348
2024-01-23 21:27:35,23.3348
2024-01-23 21:26:35,23.3347
2024-01-23 21:25:35,23.3347
2024-01-23 21:24:35,23.3347
2024-01-23 21:23:35,23.3347
2024-01-23 21:22:35,23.3346
2024-01-23 21:21:35,23.3345
2024-01-23 21:20:35,23.3345
2024-01-23 21:19:35,23.3344
2024-01-23 21:18:35,23.3344
2024-01-23 21:17:35,23.3344
2024-01-23 21:16:35,23.3344
2024-01-23 21:15:35,23.3344
2024-01-23 21:14:35,23.3344
2024-01-23 21:13:35,23.3344
2024-01-23 21:12:35,23.3344
2024-01-23 21:11:35,23.3344
2024-01-23 21:10:35,23.3344
2024-01-23 21:09:35,23.3343
2024-01-23 21:08:35,23.3365
2024-01-23 21:07:35,23.3343
2024-01-23 21:06:35,23.3363
2024-01-23 21:05:35,23.3342
2024-01-23 21:04:35,23.3341
2024-01-23 21:03:35,23.3340
2024-01-23 21:02:35,23.3339
2024-01-23 21:01:35,23.3339
2024-01-23 21:00:35,23.3364
2024-01-23 20:59:35,23.3338
2024-01-23 20:58:35,23.3338
2024-01-23 20:57:35,23.3338
2024-01-23 20:56:35,23.3338
2024-01-23 20:55:35,23.3337
2024-01-23 20:54:35,23.3336
2024-01-23 20:53:35,23.3334
2024-01-23 20:52:35,23.3334
2024-01-23 20:51:35,23.3333
2024-01-23 20:50:35,23.3333
2024-01-23 20:49:35,23.3332
2024-01-23 20:48:35,23.3331
2024-01-23 20:47:35,23.3330
2024-01-23 20:46:35,23.3330
2024-01-23 20:45:35,23.3328
2024-01-23 20:44:35,23.3327
2024-01-23 20:43:35,23.3326
2024-01-23 20:41:35,23.3314
2024-01-23 20:40:35,23.3325
2024-01-23 20:39:35,23.3162
2024-01-23 20:38:35,23.3161
2024-01-23 20:37:35,23.3161
2024-01-23 20:36:35,23.3161
2024-01-23 20:35:35,23.3161
2024-01-23 20:34:35,23.3161
2024-01-23 20:33:35,23.3161
2024-01-23 20:32:35,23.3160
2024-01-23 20:31:35,23.3160
2024-01-23 20:30:35,23.3160
2024-01-23 20:29:35,23.3160
2024-01-23 20:28:35,23.3159
2024-01-23 20:27:35,23.3159
2024-01-23 20:26:35,23.3159
2024-01-23 20:25:35,23.3180
2024-01-23 20:24:35,23.3159
2024-01-23 20:23:35,23.3157
2024-01-23 20:22:35,23.3177
2024-01-23 20:21:35,23.3157
2024-01-23 20:20:35,23.3157
2024-01-23 20:19:35,23.3157
2024-01-23 20:18:35,23.3157
2024-01-23 20:17:35,23.3157
2024-01-23 20:16:35,23.3157
2024-01-23 20:15:35,23.3157
2024-01-23 20:14:35,23.3157
2024-01-23 20:12:35,23.3157
2024-01-23 20:11:35,23.3160
2024-01-23 20:10:35,23.3187
2024-01-23 20:09:35,23.3156
2024-01-23 20:08:35,23.3156
2024-01-23 20:07:35,23.3144
2024-01-23 20:06:35,23.3156
2024-01-23 20:05:35,23.3156
2024-01-23 20:04:35,23.3156
2024-01-23 20:03:35,23.3156
2024-01-23 20:02:35,23.3156
2024-01-23 20:01:35,23.3156
2024-01-23 20:00:35,23.3156
2024-01-23 19:59:35,23.3156
2024-01-23 19:58:35,23.3156
2024-01-23 19:57:35,23.3156
2024-01-23 19:56:35,23.3156
2024-01-23 19:55:35,23.3156
2024-01-23 19:54:35,23.3156
2024-01-23 19:53:35,23.3156
2024-01-23 19:52:35,23.3156
2024-01-23 19:51:35,23.3156
2024-01-23 19:50:35,23.3156
2024-01-23 19:49:35,23.3156
2024-01-23 19:48:35,23.3156
2024-01-23 19:47:35,23.3156
2024-01-23 19:46:35,23.3155
2024-01-23 19:45:35,23.3158
2024-01-23 19:44:35,23.3155
2024-01-23 19:43:35,23.3155
2024-01-23 19:42:35,23.3155
2024-01-23 19:41:35,23.3155
2024-01-23 19:40:35,23.3154
2024-01-23 19:39:35,23.3154
2024-01-23 19:38:35,23.3154
2024-01-23 19:37:35,23.3154
2024-01-23 19:36:35,23.3154
2024-01-23 19:35:35,23.3154
2024-01-23 19:34:35,23.3154
2024-01-23 19:33:35,23.3154
2024-01-23 19:32:35,23.3154
2024-01-23 19:31:35,23.3154
2024-01-23 19:30:35,23.3154
2024-01-23 19:29:35,23.3154
2024-01-23 19:28:35,23.3154
2024-01-23 19:27:35,23.3154
2024-01-23 19:26:35,23.3179
2024-01-23 19:25:35,23.3154
2024-01-23 19:24:35,23.3154
2024-01-23 19:23:35,23.3154
2024-01-23 19:22:35,23.3154
2024-01-23 19:21:35,23.3154
2024-01-23 19:20:35,23.3154
2024-01-23 19:19:35,23.3154
2024-01-23 19:18:35,23.3154
2024-01-23 19:17:35,23.3154
2024-01-23 19:16:35,23.3154
2024-01-23 19:15:35,23.3153
2024-01-23 19:14:35,23.3153
2024-01-23 19:13:35,23.3153
2024-01-23 19:12:35,23.3153
2024-01-23 19:11:35,23.3153
2024-01-23 19:10:35,23.3173
2024-01-23 19:09:35,23.3152
2024-01-23 19:08:35,23.3152
2024-01-23 19:07:35,23.3152
2024-01-23 19:06:35,23.3152
2024-01-23 19:05:35,23.3152
2024-01-23 19:04:35,23.3152
2024-01-23 19:03:35,23.3152
2024-01-23 19:02:35,23.3152
2024-01-23 19:01:35,23.3152
2024-01-23 19:00:35,23.3151
2024-01-23 18:59:35,23.3151
2024-01-23 18:58:35,23.3151
2024-01-23 18:57:35,23.3151
2024-01-23 18:56:35,23.3151
2024-01-23 18:55:35,23.3151
2024-01-23 18:54:35,23.3151
2024-01-23 18:53:35,23.3151
2024-01-23 18:52:35,23.3151
2024-01-23 18:51:35,23.3151
2024-01-23 18:50:35,23.3150
2024-01-23 18:49:35,23.2886
2024-01-23 18:48:35,23.3150
2024-01-23 18:47:35,23.3149
2024-01-23 18:46:35,23.3148
2024-01-23 18:45:35,23.3148
2024-01-23 18:44:35,23.3148
2024-01-23 18:43:35,23.3148
2024-01-23 18:42:35,23.3148
2024-01-23 18:41:35,23.3148
2024-01-23 18:40:35,23.3148
2024-01-23 18:39:35,23.3148
2024-01-23 18:38:35,23.3148
2024-01-23 18:37:35,23.3148
2024-01-23 18:36:35,23.3148
2024-01-23 18:35:35,23.3147
2024-01-23 18:34:35,23.3147
2024-01-23 18:33:35,23.3147
2024-01-23 18:32:35,23.3146
2024-01-23 18:31:35,23.3146
2024-01-23 18:30:35,23.3146
2024-01-23 18:29:35,23.3146
2024-01-23 18:28:35,23.3146
2024-01-23 18:27:35,23.3145
2024-01-23 18:26:35,23.3145
2024-01-23 18:25:35,23.3145
2024-01-23 18:24:35,23.3145
2024-01-23 18:23:35,23.3145
2024-01-23 18:22:35,23.3145
2024-01-23 18:21:35,23.3145
2024-01-23 18:20:35,23.3144
2024-01-23 18:19:35,23.3144
2024-01-23 18:18:35,23.3144
2024-01-23 18:17:35,23.3144
2024-01-23 18:16:35,23.3144
2024-01-23 18:15:35,23.3144
2024-01-23 18:14:35,23.3146
2024-01-23 18:13:35,23.3143
2024-01-23 18:12:35,23.3143
2024-01-23 18:11:35,23.3143
2024-01-23 18:10:35,23.3143
2024-01-23 18:09:35,23.3159
2024-01-23 18:08:35,23.3143
2024-01-23 18:07:35,23.3141
2024-01-23 18:06:35,23.3141
2024-01-23 18:05:35,23.3141
2024-01-23 18:04:35,23.3141
2024-01-23 18:03:35,23.3140
2024-01-23 18:02:35,23.3140
2024-01-23 18:01:35,23.3140
2024-01-23 18:00:35,23.3140
2024-01-23 17:59:35,23.3140
2024-01-23 17:58:35,23.3139
2024-01-23 17:57:35,23.3139
2024-01-23 17:56:35,23.3138
2024-01-23 17:55:35,23.3139
2024-01-23 17:54:35,23.3138
2024-01-23 17:53:35,23.3138
2024-01-23 17:52:35,23.3138
2024-01-23 17:51:35,23.3138
2024-01-23 17:50:35,23.3137
2024-01-23 17:49:35,23.3137
2024-01-23 17:48:35,23.3137
2024-01-23 17:47:35,23.3136
2024-01-23 17:46:35,23.3137
2024-01-23 17:45:35,23.3136
2024-01-23 17:44:35,23.3136
2024-01-23 17:43:35,23.3136
2024-01-23 17:42:35,23.3135
2024-01-23 17:41:35,23.3135
2024-01-23 17:40:35,23.3135
2024-01-23 17:39:35,23.3135
2024-01-23 17:38:35,23.3135
2024-01-23 17:37:35,23.3135
2024-01-23 17:36:35,23.3135
2024-01-23 17:35:35,23.3134
2024-01-23 17:34:35,23.3134
2024-01-23 17:33:35,23.3134
2024-01-23 17:32:35,23.3134
2024-01-23 17:31:35,23.3134
2024-01-23 17:30:35,23.3134
2024-01-23 17:29:35,23.3134
2024-01-23 17:28:35,23.3134
2024-01-23 17:27:35,23.3134
2024-01-23 17:26:35,23.3134
2024-01-23 17:25:35,23.3134
2024-01-23 17:24:35,23.3134
2024-01-23 17:23:35,23.3134
2024-01-23 17:22:35,23.3133
2024-01-23 17:20:35,23.3133
2024-01-23 17:19:35,23.3157
2024-01-23 17:18:35,23.3133
2024-01-23 17:17:35,23.3132
2024-01-23 17:16:35,23.3132
2024-01-23 17:15:35,23.3132
2024-01-23 17:14:35,23.3130
2024-01-23 17:13:35,23.3130
2024-01-23 17:12:35,23.3130
2024-01-23 17:11:35,23.3130
2024-01-23 17:10:35,23.3130
2024-01-23 17:09:35,23.3130
2024-01-23 17:08:35,23.3130
2024-01-23 17:07:35,23.3130
2024-01-23 17:06:35,23.3130
2024-01-23 17:05:35,23.3129
2024-01-23 17:04:35,23.3129
2024-01-23 17:03:35,23.3129
2024-01-23 17:02:35,23.3128
2024-01-23 17:01:35,23.3128
2024-01-23 17:00:35,23.3127
2024-01-23 16:59:35,23.3142
2024-01-23 16:58:35,23.3127
2024-01-23 16:57:35,23.3126
2024-01-23 16:56:35,23.3126
2024-01-23 16:55:35,23.3126
2024-01-23 16:54:35,23.3141
2024-01-23 16:53:35,23.3124
2024-01-23 16:52:35,23.3124
2024-01-23 16:51:35,23.3124
2024-01-23 16:50:35,23.3123
2024-01-23 16:49:35,23.3123
2024-01-23 16:48:35,23.3123
2024-01-23 16:47:35,23.3123
2024-01-23 16:46:35,23.3141
2024-01-23 16:45:35,23.3121
2024-01-23 16:44:35,23.3121
2024-01-23 16:43:35,23.3121
2024-01-23 16:42:35,23.3121
2024-01-23 16:41:35,23.3121
2024-01-23 16:40:35,23.3121
2024-01-23 16:39:35,23.3121
2024-01-23 16:38:35,23.3121
2024-01-23 16:37:35,23.3121
2024-01-23 16:36:35,23.3121
2024-01-23 16:35:35,23.3121
2024-01-23 16:34:35,23.3120
2024-01-23 16:33:35,23.3140
2024-01-23 16:32:35,23.3120
2024-01-23 16:31:35,23.3120
2024-01-23 16:30:35,23.3120
2024-01-23 16:29:35,23.3119
2024-01-23 16:28:35,23.3142
2024-01-23 16:27:35,23.3116
2024-01-23 16:26:35,23.3116
2024-01-23 16:25:35,23.3115
2024-01-23 16:24:35,23.3115
2024-01-23 16:23:35,23.3113
2024-01-23 16:22:35,23.3113
2024-01-23 16:21:35,23.3113
2024-01-23 16:20:35,23.3113
2024-01-23 16:19:35,23.3113
2024-01-23 16:18:35,23.3113
2024-01-23 16:17:35,23.3112
2024-01-23 16:16:35,23.3112
2024-01-23 16:15:35,23.3112
2024-01-23 16:14:35,23.3111
2024-01-23 16:13:35,23.3110
2024-01-23 16:12:35,23.3109
2024-01-23 16:11:35,23.3109
2024-01-23 16:10:35,23.3109
2024-01-23 16:09:35,23.3109
2024-01-23 16:08:35,23.3108
2024-01-23 16:07:35,23.3108
2024-01-23 16:06:35,23.3108
2024-01-23 16:05:35,23.3107
2024-01-23 16:04:35,23.3107
2024-01-23 16:03:35,23.3107
2024-01-23 16:02:35,23.3107
2024-01-23 16:01:35,23.3107
2024-01-23 16:00:35,23.3107
2024-01-23 15:59:35,23.3111
2024-01-23 15:58:35,23.3107
2024-01-23 15:57:35,23.3107
2024-01-23 15:56:35,23.3107
2024-01-23 15:55:35,23.3107
2024-01-23 15:54:35,23.3107
2024-01-23 15:53:35,23.3107
2024-01-23 15:52:35,23.3107
2024-01-23 15:51:35,23.3107
2024-01-23 15:50:35,23.3107
2024-01-23 15:49:35,23.3107
2024-01-23 15:48:35,23.3107
2024-01-23 15:47:35,23.3107
2024-01-23 15:46:35,23.3107
2024-01-23 15:45:35,23.2934
2024-01-23 15:44:35,23.3107
2024-01-23 15:43:35,23.3106
2024-01-23 15:42:35,23.3105
2024-01-23 15:41:35,23.3105
2024-01-23 15:40:35,23.3105
2024-01-23 15:39:35,23.3105
2024-01-23 15:38:35,23.3104
2024-01-23 15:37:35,23.3104
2024-01-23 15:36:35,23.3104
2024-01-23 15:35:35,23.3102
2024-01-23 15:34:35,23.3102
2024-01-23 15:33:35,23.3109
2024-01-23 15:32:35,23.3102
2024-01-23 15:31:35,23.3102
2024-01-23 15:30:35,23.3101
2024-01-23 15:29:35,23.3101
2024-01-23 15:28:35,23.3101
2024-01-23 15:27:35,23.3100
2024-01-23 15:26:35,23.3100
2024-01-23 15:25:35,23.3099
2024-01-23 15:24:35,23.3099
2024-01-23 15:23:35,23.3094
2024-01-23 15:22:35,23.3093
2024-01-23 15:21:35,23.3092
2024-01-23 15:20:35,23.3091
2024-01-23 15:19:35,23.3091
2024-01-23 15:18:35,23.3091
2024-01-23 15:17:35,23.3090
2024-01-23 15:16:35,23.3090
2024-01-23 15:15:35,23.3088
2024-01-23 15:14:35,23.3089
2024-01-23 15:13:35,23.3088
2024-01-23 15:12:35,23.3088
2024-01-23 15:11:35,23.3087
2024-01-23 15:10:35,23.3086
2024-01-23 15:09:35,23.3084
2024-01-23 15:08:35,23.3083
2024-01-23 15:07:35,23.3083
2024-01-23 15:06:35,23.3083
2024-01-23 15:05:35,23.3082
2024-01-23 15:04:35,23.3082
2024-01-23 15:03:35,23.3080
2024-01-23 15:02:35,23.3080
2024-01-23 15:01:35,23.3080
2024-01-23 15:00:35,23.3078
2024-01-23 14:59:35,23.3076
2024-01-23 14:58:35,23.3093
2024-01-23 14:57:35,23.3074
2024-01-23 14:56:35,23.3074
2024-01-23 14:55:35,23.3074
2024-01-23 14:54:35,23.3074
2024-01-23 14:53:35,23.3073
2024-01-23 14:52:35,23.3073
2024-01-23 14:51:35,23.3073
2024-01-23 14:50:35,23.3073
2024-01-23 14:49:35,23.3071
2024-01-23 14:48:35,23.3070
2024-01-23 14:47:35,23.3069
2024-01-23 14:46:35,23.3069
2024-01-23 14:45:35,23.3066
2024-01-23 14:44:35,23.3082
2024-01-23 14:43:35,23.3066
2024-01-23 14:42:35,23.3065
2024-01-23 14:41:35,23.3065
2024-01-23 14:40:35,23.3063
2024-01-23 14:39:35,23.3063
2024-01-23 14:38:35,23.2870
2024-01-23 14:37:35,23.3101
2024-01-23 14:36:35,23.3101
2024-01-23 14:35:35,23.3099
2024-01-23 14:34:35,23.2902
2024-01-23 14:33:35,23.3112
2024-01-23 14:32:35,23.3109
2024-01-23 14:31:35,23.3108
2024-01-23 14:30:35,23.3107
2024-01-23 14:29:35,23.3106
2024-01-23 14:28:35,23.3104
2024-01-23 14:27:35,23.3102
2024-01-23 14:26:35,23.3100
2024-01-23 14:25:35,23.3096
2024-01-23 14:24:35,23.3093
2024-01-23 14:23:35,23.3089
2024-01-23 14:22:35,23.3087
2024-01-23 14:21:35,23.3098
2024-01-23 14:20:35,23.3097
2024-01-23 14:19:35,23.3164
2024-01-23 14:18:35,23.3149
2024-01-23 14:17:35,23.2986
2024-01-23 14:16:35,23.2238
2024-01-23 14:22:35,N/A
2024-01-23 14:21:35,N/A
2024-01-23 14:20:35,N/A
2024-01-23 14:19:35,N/A
2024-01-23 14:18:35,N/A
2024-01-23 14:17:35,N/A
2024-01-23 14:16:35,5.8609
2024-01-23 14:15:35,5.8572
2024-01-23 14:14:35,5.8572
2024-01-23 14:13:35,5.8533
2024-01-23 14:12:35,5.8490
2024-01-23 14:11:35,5.8516
2024-01-23 14:10:35,5.8515
2024-01-23 14:09:35,5.8514
2024-01-23 14:08:35,5.8507
2024-01-23 14:07:35,5.8506
2024-01-23 14:06:35,5.8505
2024-01-23 14:05:35,5.8504
2024-01-23 14:04:35,5.8504
2024-01-23 14:03:35,5.8502
2024-01-23 14:02:35,5.8501
2024-01-23 14:01:35,5.8500
2024-01-23 14:00:35,5.8499
2024-01-23 13:59:35,5.8497
2024-01-23 13:58:35,5.8509
2024-01-23 13:57:35,5.8587
2024-01-23 13:56:35,5.8284
2024-01-23 13:55:35,2.8908
2024-01-23 14:02:35,N/A
2024-01-23 14:01:35,N/A
2024-01-23 14:00:35,N/A
2024-01-23 13:59:35,N/A
2024-01-23 13:58:35,N/A
2024-01-23 13:57:35,6.1029
2024-01-23 13:56:35,6.0032
2024-01-23 13:55:35,5.9936
2024-01-23 13:54:35,5.9936
2024-01-23 13:53:35,5.9933
2024-01-23 13:52:35,5.9932
2024-01-23 13:51:35,5.9932
2024-01-23 13:50:35,5.9930
2024-01-23 13:49:35,5.9401
2024-01-23 13:48:35,5.9813
2024-01-23 13:47:35,5.9677
2024-01-23 13:46:35,5.9626
2024-01-23 13:45:35,5.9969
2024-01-23 13:44:35,6.0106
2024-01-23 13:43:35,6.0710
2024-01-23 13:42:35,6.1192
2024-01-23 13:41:35,6.0992
2024-01-23 13:40:35,5.4358
2024-01-23 13:39:35,6.3548
2024-01-23 13:38:35,6.3444
2024-01-23 13:37:35,6.0903
2024-01-23 13:36:35,5.7709
2024-01-23 13:35:35,5.7709
