Time,Request Latency (ms),Container CPU Utilization (%),Container Memory Utilization (%),Container Startup Latency (ms),Instance Count (active),Instance Count (idle),Request Count (1xx),Request Count (2xx),Request Count (3xx),Request Count (4xx)
2023-12-07 09:00:00,19.41630856,16.0875,53.99,,1,1,0,0,0,4
2023-12-07 09:01:00,323462.6322,16.0875,53.99,,1,1,1,0,0,4
2023-12-07 09:02:00,17.6511896,16.0875,53.99,,1,1,0,0,0,4
2023-12-07 09:03:00,17.6511896,16.0875,53.99,,1,1,0,0,0,4
2023-12-07 09:04:00,17.6672947,16.0875,53.99,,1,1,0,0,0,3
2023-12-07 09:05:00,16.075818,16.0875,53.99,,1,1,0,0,0,4
2023-12-07 09:06:00,323758.0318,16.0875,53.99,,1,1,1,0,0,4
2023-12-07 09:07:00,17.6833998,16.0875,53.99,,1,1,0,0,0,3
2023-12-07 09:08:00,16.08557867,16.0875,53.99,,1,1,0,0,0,4
2023-12-07 09:09:00,17.6672947,16.0875,53.99,,1,1,0,0,0,3
2023-12-07 09:10:00,25.84310669,16.0875,53.99,,1,1,0,0,0,4
2023-12-07 09:11:00,17.6511896,16.0875,53.99,,1,1,0,0,0,4
2023-12-07 09:12:00,323462.6322,16.0875,53.99,,1,1,1,0,0,4
2023-12-07 09:13:00,17.6511896,16.0875,53.99,,1,1,0,0,0,4
2023-12-07 09:14:00,16.075818,16.0875,53.99,,1,1,0,5,0,4
2023-12-07 09:15:00,142.7022868,16.0875,53.99,,1,1,0,14,1,3
2023-12-07 09:16:00,31.2701591,16.0875,56.99,,1,1,0,5,0,4
2023-12-07 09:17:00,298058.261,16.0875,56.99,,1,1,1,121,2,6
2023-12-07 09:18:00,1176.256346,64.8375,61.99,,1,1,0,59,0,4
2023-12-07 09:19:00,2005.917502,32.3375,63.99,,1,1,0,32,2,5
2023-12-07 09:20:00,26421.49501,16.0875,62.99,,1,1,1,24,1,4
2023-12-07 09:21:00,216692.3292,32.3375,62.99,,1,1,3,18,5,4
2023-12-07 09:22:00,313123.6439,32.3375,60.99,,1,1,2,29,3,6
2023-12-07 09:23:00,10043.29102,32.3375,61.99,,1,1,1,36,5,3
2023-12-07 09:24:00,73.32974945,16.0875,62.99,,1,1,0,0,0,4
2023-12-07 09:25:00,323462.6322,16.0875,62.99,,1,1,1,0,0,4
2023-12-07 09:26:00,17.6995049,32.3375,57.99,,1,1,0,0,0,3
2023-12-07 09:27:00,324053.4315,16.0875,57.99,,1,1,2,0,0,5
2023-12-07 09:28:00,21.35793942,16.0875,57.99,,1,1,0,0,0,3
2023-12-07 09:29:00,25.84310669,16.0875,57.99,,1,1,0,0,0,4
2023-12-07 09:30:00,323462.6322,16.0875,57.99,,1,1,1,0,0,4
2023-12-07 09:31:00,21.39691376,16.0875,57.99,,1,1,0,0,0,4
2023-12-07 09:32:00,324053.4315,16.0875,57.99,,1,1,2,0,0,4
2023-12-07 09:33:00,60.88109458,16.0875,57.99,,1,1,0,0,0,5
2023-12-07 09:34:00,21.35793942,16.0875,57.99,,1,1,0,0,0,4
2023-12-07 09:35:00,323758.0318,16.0875,57.99,,1,1,1,0,0,3
2023-12-07 09:36:00,19.41630856,16.0875,57.99,,1,1,0,2,0,4
2023-12-07 09:37:00,322133.3337,16.0875,57.99,,1,1,2,20,0,4
2023-12-07 09:38:00,185.6616401,,59.99,,1,1,0,24,0,4
2023-12-07 09:39:00,878.2331411,32.3375,60.99,,1,1,0,119,1,4
2023-12-07 09:40:00,880.5225441,16.0875,66.99,,1,1,1,164,1,4
2023-12-07 09:41:00,122544.9494,97.3375,67.99,,1,1,2,107,0,5
2023-12-07 09:42:00,317259.2392,64.8375,66.99,,1,1,2,0,0,4
2023-12-07 09:43:00,17.6511896,68.5875,63.99,,1,1,0,0,0,4
2023-12-07 09:44:00,19.41630856,16.0875,60.99,,1,1,0,0,0,4
2023-12-07 09:45:00,323462.6322,16.0875,58.99,,1,1,1,0,0,4
2023-12-07 09:46:00,19.43402417,16.0875,58.99,,1,1,0,0,0,3
2023-12-07 09:47:00,323462.6322,16.0875,58.99,,1,1,2,0,0,4
2023-12-07 09:48:00,323462.6322,16.0875,58.99,,1,1,0,0,0,4
2023-12-07 09:49:00,17.6511896,16.0875,58.99,,1,1,0,0,0,4
2023-12-07 09:50:00,323462.6322,16.0875,58.99,,1,1,1,4,0,4
2023-12-07 09:51:00,207.4908424,16.0875,58.99,,1,1,0,11,0,4
2023-12-07 09:52:00,323462.6322,16.0875,58.99,,1,1,2,0,0,4
2023-12-07 09:53:00,323167.2325,16.0875,58.99,,1,1,0,0,0,5
2023-12-07 09:54:00,16.0831385,16.0875,58.99,,1,1,0,0,0,3
2023-12-07 09:55:00,323462.6322,16.0875,58.99,,1,1,1,0,0,4
2023-12-07 09:56:00,17.6672947,16.0875,57.99,,1,1,0,3,0,3
2023-12-07 09:57:00,316963.8395,16.0875,57.99,,1,1,2,22,0,4
2023-12-07 09:58:00,873.9568994,16.0875,60.99,,1,1,0,16,2,3
2023-12-07 09:59:00,779.1992706,32.3375,63.99,,1,1,0,41,2,5
2023-12-07 10:00:00,323167.2325,32.3375,63.99,,1,1,1,0,0,4
2023-12-07 10:01:00,25.84310669,16.0875,59.99,,1,1,0,0,0,4
2023-12-07 10:02:00,324201.1313,16.0875,59.99,,1,1,2,0,0,3
2023-12-07 10:03:00,23.53660513,16.0875,58.99,,1,1,0,0,0,4
2023-12-07 10:04:00,323462.6322,16.0875,58.99,,1,1,1,0,0,4
2023-12-07 10:05:00,21.37742659,16.0875,58.99,,1,1,0,0,0,3
2023-12-07 10:06:00,323462.6322,16.0875,58.99,,1,1,1,0,0,4
2023-12-07 10:07:00,323462.6322,16.0875,58.99,,1,1,2,0,0,4
2023-12-07 10:08:00,323462.6322,16.0875,58.99,,1,1,0,0,0,4
2023-12-07 10:09:00,323758.0318,16.0875,58.99,,1,1,1,0,0,3
2023-12-07 10:10:00,28.42741736,16.0875,58.99,,1,1,0,0,0,4
2023-12-07 10:11:00,323758.0318,16.0875,58.99,,1,1,1,0,0,3
2023-12-07 10:12:00,323167.2325,16.0875,58.99,,1,1,2,0,0,5
2023-12-07 10:13:00,323462.6322,16.0875,58.99,,1,1,0,0,0,3
2023-12-07 10:14:00,323462.6322,16.0875,58.99,,1,1,1,0,0,4
2023-12-07 10:15:00,19.41630856,16.0875,58.99,,1,1,0,0,0,4
2023-12-07 10:16:00,323758.0318,16.0875,58.99,,1,1,1,0,0,3
2023-12-07 10:17:00,323167.2325,16.0875,58.99,,1,1,2,0,0,5
2023-12-07 10:18:00,323758.0318,16.0875,58.99,,1,1,0,0,0,3
2023-12-07 10:19:00,323462.6322,16.0875,58.99,,1,1,1,0,0,4
2023-12-07 10:20:00,55.39699432,16.0875,58.99,,1,1,0,0,0,4
2023-12-07 10:21:00,323758.0318,16.0875,58.99,,1,1,1,0,0,3
2023-12-07 10:22:00,323462.6322,16.0875,58.99,,1,1,1,0,0,4
2023-12-07 10:23:00,323462.6322,16.0875,58.99,,1,1,1,0,0,4
2023-12-07 10:24:00,323462.6322,16.0875,58.99,,1,1,1,0,0,4
2023-12-07 10:25:00,21.35793942,16.0875,58.99,,1,1,0,0,0,4
2023-12-07 10:26:00,323462.6322,16.0875,58.99,,1,1,1,0,0,4
2023-12-07 10:27:00,323758.0318,16.0875,58.99,,1,1,1,0,0,3
2023-12-07 10:28:00,323462.6322,16.0875,58.99,,1,1,1,0,0,4
2023-12-07 10:29:00,323462.6322,16.0875,58.99,,1,1,1,0,0,4
2023-12-07 10:30:00,17.69145235,16.0875,58.99,,1,1,0,0,0,3
2023-12-07 10:31:00,323462.6322,16.0875,58.99,,1,1,1,0,0,4
2023-12-07 10:32:00,323758.0318,16.0875,58.99,,1,1,1,0,0,3
2023-12-07 10:33:00,323462.6322,16.0875,58.99,,1,1,1,0,0,4
2023-12-07 10:34:00,323758.0318,16.0875,58.99,,1,1,1,0,0,3
2023-12-07 10:35:00,19.45173978,16.0875,58.99,,1,1,0,0,0,4
2023-12-07 10:36:00,323462.6322,16.0875,58.99,,1,1,1,0,0,4
2023-12-07 10:37:00,323758.0318,16.0875,58.99,,1,1,1,0,0,3
2023-12-07 10:38:00,323462.6322,16.0875,58.99,,1,1,1,0,0,4
2023-12-07 10:39:00,323758.0318,16.0875,58.99,,1,1,1,0,0,3
2023-12-07 10:40:00,19.46059759,16.0875,58.99,,1,1,0,0,0,3
2023-12-07 10:41:00,323462.6322,16.0875,58.99,,1,1,1,0,0,4
2023-12-07 10:42:00,323462.6322,16.0875,58.99,,1,1,1,0,0,4
2023-12-07 10:43:00,323167.2325,16.0875,58.99,,1,1,1,0,0,5
2023-12-07 10:44:00,323462.6322,16.0875,58.99,,1,1,1,0,0,4
2023-12-07 10:45:00,17.6995049,16.0875,58.99,,1,1,0,0,0,4
2023-12-07 10:46:00,323167.2325,16.0875,58.99,,1,1,1,0,0,4
2023-12-07 10:47:00,28.45335479,16.0875,58.99,,1,1,1,0,0,3
2023-12-07 10:48:00,323905.7316,16.0875,58.99,,1,1,2,0,0,5
2023-12-07 10:49:00,323462.6322,16.0875,58.99,,1,1,1,0,0,3
2023-12-07 10:50:00,37.83689251,16.0875,58.99,,1,1,0,0,0,4
2023-12-07 10:51:00,21.37742659,16.0875,58.99,,1,1,0,0,0,4
2023-12-07 10:52:00,17.6511896,16.0875,58.99,,1,1,1,0,0,3
2023-12-07 10:53:00,324250.3646,16.0875,58.99,,1,1,2,0,0,4
2023-12-07 10:54:00,323462.6322,16.0875,58.99,,1,1,1,0,0,4
2023-12-07 10:55:00,17.6995049,16.0875,58.99,,1,1,0,0,0,1
2023-12-07 10:56:00,21.35793942,16.0875,58.99,,1,1,0,0,0,4
2023-12-07 10:57:00,17.6672947,16.0875,58.99,,1,1,1,0,0,3
2023-12-07 10:58:00,324250.3646,16.0875,58.99,,1,1,2,0,0,4
2023-12-07 10:59:00,323758.0318,16.0875,58.99,,1,1,2,0,0,3
2023-12-07 11:00:00,136929.1753,16.0875,58.99,,1,1,2,0,0,4
2023-12-07 11:01:00,21.35793942,16.0875,58.99,,1,1,0,0,0,4
2023-12-07 11:02:00,19.41630856,16.0875,,,1,1,0,0,0,4
2023-12-07 11:03:00,19.46059759,16.0875,58.99,,1,1,0,0,0,3
2023-12-07 11:04:00,323462.6322,16.0875,58.99,,1,1,1,0,0,4
2023-12-07 11:05:00,324250.3646,16.0875,58.99,,1,1,3,0,0,4
2023-12-07 11:06:00,323462.6322,16.0875,58.99,,1,1,0,0,0,4
2023-12-07 11:07:00,34.39717501,16.0875,58.99,,1,1,0,0,0,4
2023-12-07 11:08:00,23.49373336,16.0875,58.99,,1,1,0,0,0,4
2023-12-07 11:09:00,21.35793942,16.0875,58.99,,1,1,0,0,0,3
2023-12-07 11:10:00,324250.3646,16.0875,58.99,,1,1,4,0,0,4
2023-12-07 11:11:00,323758.0318,16.0875,58.99,,1,1,0,0,0,3
2023-12-07 11:12:00,21.35793942,16.0875,58.99,,1,1,0,2,1,4
2023-12-07 11:13:00,148968.4194,16.0875,58.99,,1,1,1,8,4,4
2023-12-07 11:14:00,31.15603443,16.0875,58.99,,1,1,0,3,0,4
2023-12-07 11:15:00,319474.7367,16.0875,58.99,,1,1,4,40,8,5
2023-12-07 11:16:00,313714.4432,32.3375,63.99,,1,1,0,14,0,4
2023-12-07 11:17:00,142.9644867,16.0875,63.99,,1,1,0,20,2,4
2023-12-07 11:18:00,320508.6355,32.3375,62.99,,1,1,1,1,2,4
2023-12-07 11:19:00,21.37742659,16.0875,62.99,,1,1,0,0,0,3
2023-12-07 11:20:00,323462.6322,16.0875,59.99,,1,1,2,0,0,4
2023-12-07 11:21:00,324201.1313,16.0875,59.99,,1,1,1,0,0,3
2023-12-07 11:22:00,19.41630856,16.0875,58.99,,1,1,0,0,0,4
2023-12-07 11:23:00,323167.2325,16.0875,58.99,,1,1,1,0,0,5
2023-12-07 11:24:00,19.43402417,16.0875,58.99,,1,1,0,0,0,3
2023-12-07 11:25:00,323462.6322,16.0875,58.99,,1,1,2,0,0,4
2023-12-07 11:26:00,324053.4315,16.0875,58.99,,1,1,1,0,0,4
2023-12-07 11:27:00,17.6672947,16.0875,58.99,,1,1,0,0,0,3
2023-12-07 11:28:00,323167.2325,16.0875,58.99,,1,1,1,0,0,5
2023-12-07 11:29:00,19.41630856,16.0875,58.99,,1,1,0,0,0,5
2023-12-07 11:30:00,323167.2325,16.0875,58.99,,1,1,2,0,0,4
2023-12-07 11:31:00,324053.4315,16.0875,58.99,,1,1,1,0,0,4
2023-12-07 11:32:00,16.08557867,16.0875,58.99,,1,1,0,0,0,4
2023-12-07 11:33:00,323462.6322,16.0875,58.99,,1,1,1,0,0,4
2023-12-07 11:34:00,19.43402417,16.0875,58.99,,1,1,0,0,0,3
2023-12-07 11:35:00,323462.6322,16.0875,58.99,,1,1,2,0,0,4
2023-12-07 11:36:00,324053.4315,16.0875,58.99,,1,1,1,0,0,4
2023-12-07 11:37:00,19.41630856,16.0875,58.99,,1,1,0,0,0,4
2023-12-07 11:38:00,323462.6322,16.0875,58.99,,1,1,1,0,0,4
2023-12-07 11:39:00,23.49373336,16.0875,58.99,,1,1,0,0,0,4
2023-12-07 11:40:00,323462.6322,16.0875,58.99,,1,1,2,0,0,4
2023-12-07 11:41:00,324053.4315,16.0875,58.99,,1,1,1,0,0,4
2023-12-07 11:42:00,19.41630856,16.0875,58.99,,1,1,0,0,0,4
2023-12-07 11:43:00,323462.6322,16.0875,58.99,,1,1,1,0,0,4
2023-12-07 11:44:00,17.6672947,16.0875,58.99,,1,1,0,0,0,3
2023-12-07 11:45:00,323462.6322,16.0875,57.99,,1,1,2,0,0,4
2023-12-07 11:46:00,324053.4315,16.0875,57.99,,1,1,1,0,0,4
2023-12-07 11:47:00,19.41630856,16.0875,58.99,,1,1,0,0,0,4
2023-12-07 11:48:00,323462.6322,16.0875,57.99,,1,1,1,0,0,4
2023-12-07 11:49:00,19.43402417,16.0875,57.99,,1,1,0,0,0,3
2023-12-07 11:50:00,323462.6322,16.0875,57.99,,1,1,2,0,0,4
2023-12-07 11:51:00,324053.4315,16.0875,57.99,,1,1,1,0,0,4
2023-12-07 11:52:00,21.35793942,16.0875,57.99,,1,1,0,0,0,4
2023-12-07 11:53:00,323758.0318,16.0875,57.99,,1,1,1,0,0,4
2023-12-07 11:54:00,19.44288198,16.0875,57.99,,1,1,0,0,0,4
2023-12-07 11:55:00,17.69413653,16.0875,57.99,,1,1,0,0,0,4
2023-12-07 11:56:00,324250.3646,16.0875,57.99,,1,1,3,0,0,4
2023-12-07 11:57:00,25.84310669,16.0875,57.99,,1,1,0,0,0,4
2023-12-07 11:58:00,323758.0318,16.0875,57.99,,1,1,1,0,0,3
2023-12-07 11:59:00,17.6833998,16.0875,57.99,,1,1,0,0,0,4
2023-12-07 12:00:00,17.6350845,16.0875,57.99,,1,1,0,0,0,5
2023-12-07 12:01:00,324250.3646,16.0875,57.99,,1,1,3,0,0,4
2023-12-07 12:02:00,52937.0253,16.0875,57.99,,1,1,1,0,0,3
2023-12-07 12:03:00,323167.2325,16.0875,57.99,,1,1,2,0,0,4
2023-12-07 12:04:00,19.41630856,16.0875,57.99,,1,1,0,0,0,4
2023-12-07 12:05:00,19.39859295,16.0875,57.99,,1,1,0,0,0,5
2023-12-07 12:06:00,323462.6322,16.0875,57.99,,1,1,1,0,0,4
2023-12-07 12:07:00,323758.0318,16.0875,57.99,,1,1,1,0,0,3
2023-12-07 12:08:00,323462.6322,16.0875,57.99,,1,1,1,0,0,4
2023-12-07 12:09:00,19.41630856,16.0875,57.99,,1,1,0,0,0,4
2023-12-07 12:10:00,17.6511896,16.0875,57.99,,1,1,0,0,0,4
2023-12-07 12:11:00,323758.0318,16.0875,57.99,,1,1,1,0,0,3
2023-12-07 12:12:00,323462.6322,16.0875,57.99,,1,1,1,0,0,4
2023-12-07 12:13:00,323462.6322,16.0875,57.99,,1,1,1,0,0,4
2023-12-07 12:14:00,19.41630856,16.0875,57.99,,1,1,0,0,0,4
2023-12-07 12:15:00,16.075818,16.0875,57.99,,1,1,0,0,0,4
2023-12-07 12:16:00,323758.0318,16.0875,57.99,,1,1,1,0,0,3
2023-12-07 12:17:00,323462.6322,16.0875,57.99,,1,1,1,0,0,4
2023-12-07 12:18:00,323167.2325,16.0875,57.99,,1,1,1,0,0,5
2023-12-07 12:19:00,19.43402417,16.0875,57.99,,1,1,0,0,0,3
2023-12-07 12:20:00,17.6511896,,57.99,,1,1,0,0,0,4
2023-12-07 12:21:00,323462.6322,16.0875,57.99,,1,1,1,0,0,4
2023-12-07 12:22:00,323462.6322,16.0875,57.99,,1,1,1,0,0,4
2023-12-07 12:23:00,19.41630856,16.0875,57.99,,1,1,0,0,0,4
2023-12-07 12:24:00,320213.2358,16.0875,57.99,,1,1,1,21,0,3
2023-12-07 12:25:00,1025.472161,16.0875,63.99,,1,1,0,42,0,3
2023-12-07 12:26:00,310169.6473,32.3375,62.99,,1,1,1,41,0,5
2023-12-07 12:27:00,5706.934501,32.3375,62.99,,1,1,2,44,5,4
2023-12-07 12:28:00,306329.4516,32.3375,62.99,,1,1,0,38,0,4
2023-12-07 12:29:00,323167.2325,48.5875,62.99,,1,1,1,0,0,5
2023-12-07 12:30:00,16.061177,16.0875,61.99,,1,1,0,0,0,3
2023-12-07 12:31:00,323462.6322,16.0875,60.99,,1,1,1,0,0,4
2023-12-07 12:32:00,324201.1313,16.0875,58.99,,1,1,2,0,0,3
2023-12-07 12:33:00,323462.6322,16.0875,58.99,,1,1,0,0,0,4
2023-12-07 12:34:00,323462.6322,16.0875,58.99,,1,1,1,0,0,5
2023-12-07 12:35:00,19.39859295,16.0875,58.99,,1,1,0,0,0,4
2023-12-07 12:36:00,323462.6322,16.0875,58.99,,1,1,1,0,0,4
2023-12-07 12:37:00,324201.1313,16.0875,58.99,,1,1,2,0,0,3
2023-12-07 12:38:00,323462.6322,16.0875,58.99,,1,1,0,0,0,4
2023-12-07 12:39:00,323462.6322,16.0875,58.99,,1,1,1,0,0,4
2023-12-07 12:40:00,25.84310669,16.0875,57.99,,1,1,0,0,0,4
2023-12-07 12:41:00,323462.6322,16.0875,57.99,,1,1,1,0,0,4
2023-12-07 12:42:00,323462.6322,16.0875,57.99,,1,1,1,0,0,4
2023-12-07 12:43:00,323462.6322,16.0875,57.99,,1,1,1,0,0,4
2023-12-07 12:44:00,323462.6322,16.0875,57.99,,1,1,1,0,0,4
2023-12-07 12:45:00,31.2701591,16.0875,57.99,,1,1,0,0,0,4
2023-12-07 12:46:00,323758.0318,16.0875,57.99,,1,1,1,0,0,3
2023-12-07 12:47:00,323462.6322,16.0875,57.99,,1,1,1,0,0,4
2023-12-07 12:48:00,323462.6322,16.0875,57.99,,1,1,1,0,0,4
2023-12-07 12:49:00,323462.6322,16.0875,57.99,,1,1,1,0,0,5
2023-12-07 12:50:00,14.62325333,16.0875,57.99,,1,1,0,0,0,3
2023-12-07 12:51:00,323462.6322,16.0875,57.99,,1,1,1,0,0,4
2023-12-07 12:52:00,323462.6322,16.0875,57.99,,1,1,1,0,0,4
2023-12-07 12:53:00,323758.0318,16.0875,57.99,,1,1,1,0,0,3
2023-12-07 12:54:00,323462.6322,16.0875,57.99,,1,1,1,0,0,4
2023-12-07 12:55:00,21.35793942,16.0875,57.99,,1,1,0,0,0,4
2023-12-07 12:56:00,323462.6322,16.0875,57.99,,1,1,1,0,0,4
2023-12-07 12:57:00,323758.0318,16.0875,57.99,,1,1,1,0,0,3
2023-12-07 12:58:00,323462.6322,16.0875,57.99,,1,1,1,0,0,4
2023-12-07 12:59:00,323462.6322,16.0875,57.99,,1,1,1,0,0,4
2023-12-07 13:00:00,16.046536,16.0875,57.99,,1,1,0,0,0,4
2023-12-07 13:01:00,323462.6322,16.0875,57.99,,1,1,1,0,0,4
2023-12-07 13:02:00,16.061177,16.0875,57.99,,1,1,0,0,0,4
2023-12-07 13:03:00,324053.4315,16.0875,57.99,,1,1,2,0,0,4
2023-12-07 13:04:00,323167.2325,16.0875,57.99,,1,1,1,0,0,4
2023-12-07 13:05:00,21.35793942,16.0875,57.99,,1,1,0,0,0,4
2023-12-07 13:06:00,19.41630856,16.0875,57.99,,1,1,0,0,0,4
2023-12-07 13:07:00,323462.6322,16.0875,57.99,,1,1,1,0,0,4
2023-12-07 13:08:00,324201.1313,16.0875,57.99,,1,1,2,0,0,3
2023-12-07 13:09:00,323462.6322,16.0875,57.99,,1,1,1,0,0,4
2023-12-07 13:10:00,19.39859295,16.0875,57.99,,1,1,0,0,0,5
2023-12-07 13:11:00,17.6672947,16.0875,57.99,,1,1,0,0,0,3
2023-12-07 13:12:00,323462.6322,16.0875,57.99,,1,1,1,0,0,4
2023-12-07 13:13:00,324053.4315,16.0875,57.99,,1,1,2,0,0,4
2023-12-07 13:14:00,323462.6322,16.0875,57.99,,1,1,1,0,0,4
2023-12-07 13:15:00,19.39859295,16.0875,57.99,,1,1,0,0,0,5
2023-12-07 13:16:00,16.0831385,16.0875,57.99,,1,1,0,0,0,3
2023-12-07 13:17:00,323462.6322,16.0875,57.99,,1,1,1,0,0,4
2023-12-07 13:18:00,324053.4315,16.0875,57.99,,1,1,2,0,0,4
2023-12-07 13:19:00,323462.6322,16.0875,57.99,,1,1,1,0,0,5
2023-12-07 13:20:00,25.84310669,16.0875,57.99,,1,1,0,0,0,3
2023-12-07 13:21:00,17.6833998,16.0875,57.99,,1,1,0,0,0,4
2023-12-07 13:22:00,323462.6322,16.0875,57.99,,1,1,1,0,0,4
2023-12-07 13:23:00,324053.4315,16.0875,57.99,,1,1,2,0,0,4
2023-12-07 13:24:00,323462.6322,16.0875,57.99,,1,1,1,0,1,4
2023-12-07 13:25:00,15.973331,16.0875,57.99,,1,1,0,0,4,4
2023-12-07 13:26:00,19.41630856,16.0875,57.99,,1,1,0,0,0,4
2023-12-07 13:27:00,323758.0318,16.0875,57.99,,1,1,1,0,0,3
2023-12-07 13:28:00,324053.4315,16.0875,57.99,,1,1,2,0,0,4
2023-12-07 13:29:00,323462.6322,16.0875,57.99,,1,1,1,0,0,4
2023-12-07 13:30:00,17.6833998,16.0875,57.99,,1,1,0,0,0,4
2023-12-07 13:31:00,232147.2942,16.0875,57.99,,1,1,1,62,7,3
2023-12-07 13:32:00,206.7230687,16.0875,58.99,,1,1,0,0,0,4
2023-12-07 13:33:00,324201.1313,16.0875,58.99,,1,1,2,0,0,3
2023-12-07 13:34:00,323462.6322,16.0875,58.99,,1,1,1,0,0,4
2023-12-07 13:35:00,21.35793942,16.0875,57.99,,1,1,0,0,0,4
2023-12-07 13:36:00,16.090459,16.0875,57.99,,1,1,0,0,0,4
2023-12-07 13:37:00,21.35793942,16.0875,57.99,,1,1,0,0,0,3
2023-12-07 13:38:00,323462.6322,16.0875,57.99,,1,1,2,0,0,4
2023-12-07 13:39:00,323167.2325,16.0875,57.99,,1,1,0,0,0,5
2023-12-07 13:40:00,323462.6322,16.0875,57.99,,1,1,1,0,0,4
2023-12-07 13:41:00,28.42741736,16.0875,57.99,,1,1,0,0,0,4
2023-12-07 13:42:00,21.35793942,16.0875,,,1,1,0,0,0,4
2023-12-07 13:43:00,323462.6322,16.0875,57.99,,1,1,2,0,0,4
2023-12-07 13:44:00,323758.0318,16.0875,57.99,,1,1,0,0,0,3
2023-12-07 13:45:00,323462.6322,16.0875,57.99,,1,1,1,0,0,4
2023-12-07 13:46:00,19.45173978,16.0875,57.99,,1,1,0,0,0,4
2023-12-07 13:47:00,16.08557867,16.0875,57.99,,1,1,0,0,0,5
2023-12-07 13:48:00,323167.2325,16.0875,57.99,,1,1,2,0,0,4
2023-12-07 13:49:00,323462.6322,16.0875,57.99,,1,1,0,0,0,4
2023-12-07 13:50:00,323462.6322,16.0875,57.99,,1,1,1,0,0,4
2023-12-07 13:51:00,16.0831385,16.0875,57.99,,1,1,0,0,0,3
2023-12-07 13:52:00,17.6511896,16.0875,57.99,,1,1,0,0,0,4
2023-12-07 13:53:00,323758.0318,16.0875,57.99,,1,1,2,0,0,3
2023-12-07 13:54:00,323462.6322,16.0875,57.99,,1,1,0,0,0,4
2023-12-07 13:55:00,323462.6322,16.0875,57.99,,1,1,1,0,0,4
2023-12-07 13:56:00,19.41630856,16.0875,57.99,,1,1,0,0,0,4
2023-12-07 13:57:00,17.69413653,16.0875,57.99,,1,1,0,0,0,4
2023-12-07 13:58:00,323462.6322,16.0875,57.99,,1,1,1,0,0,4
2023-12-07 13:59:00,323462.6322,16.0875,57.99,,1,1,1,0,0,4
2023-12-07 14:00:00,323462.6322,16.0875,57.99,,1,1,1,0,0,4
2023-12-07 14:01:00,16.061177,16.0875,57.99,,1,1,0,0,0,3
2023-12-07 14:02:00,16.075818,16.0875,57.99,,1,1,0,0,0,4
2023-12-07 14:03:00,323462.6322,16.0875,57.99,,1,1,1,0,0,4
2023-12-07 14:04:00,323462.6322,16.0875,57.99,,1,1,1,0,0,4
2023-12-07 14:05:00,323462.6322,16.0875,57.99,,1,1,1,0,0,4
2023-12-07 14:06:00,19.43402417,16.0875,57.99,,1,1,0,0,0,3
2023-12-07 14:07:00,17.69145235,16.0875,57.99,,1,1,0,0,0,3
2023-12-07 14:08:00,323462.6322,16.0875,57.99,,1,1,1,0,0,4
2023-12-07 14:09:00,323462.6322,16.0875,57.99,,1,1,1,0,0,4
2023-12-07 14:10:00,323462.6322,16.0875,57.99,,1,1,1,0,0,4
2023-12-07 14:11:00,21.39691376,16.0875,57.99,,1,1,0,0,0,4
2023-12-07 14:12:00,21.35793942,16.0875,57.99,,1,1,0,0,0,4
2023-12-07 14:13:00,323462.6322,16.0875,57.99,,1,1,1,0,0,4
2023-12-07 14:14:00,323462.6322,16.0875,57.99,,1,1,1,0,0,4
2023-12-07 14:15:00,323758.0318,16.0875,57.99,,1,1,1,0,0,3
2023-12-07 14:16:00,25.84310669,16.0875,57.99,,1,1,0,0,0,4
2023-12-07 14:17:00,16.061177,16.0875,57.99,,1,1,0,0,0,3
2023-12-07 14:18:00,16.08557867,16.0875,57.99,,1,1,0,0,0,4
2023-12-07 14:19:00,324053.4315,16.0875,57.99,,1,1,2,0,0,4
2023-12-07 14:20:00,323758.0318,16.0875,57.99,,1,1,1,0,0,3
2023-12-07 14:21:00,16.061177,16.0875,57.99,,1,1,0,0,0,3
2023-12-07 14:22:00,19.41630856,16.0875,57.99,,1,1,0,0,0,4
2023-12-07 14:23:00,28.42741736,16.0875,57.99,,1,1,0,0,0,4
2023-12-07 14:24:00,324053.4315,16.0875,57.99,,1,1,2,0,0,4
2023-12-07 14:25:00,323758.0318,16.0875,57.99,,1,1,1,0,0,4
2023-12-07 14:26:00,17.68876817,16.0875,57.99,,1,1,0,0,0,4
2023-12-07 14:27:00,17.6511896,16.0875,57.99,,1,1,0,0,0,4
2023-12-07 14:28:00,17.6833998,16.0875,57.99,,1,1,0,0,0,4
2023-12-07 14:29:00,324053.4315,16.0875,57.99,,1,1,2,0,0,4
2023-12-07 14:30:00,323758.0318,16.0875,57.99,,1,1,1,0,0,3
2023-12-07 14:31:00,16.08557867,16.0875,57.99,,1,1,0,0,0,4
2023-12-07 14:32:00,17.6511896,16.0875,57.99,,1,1,0,0,0,4
2023-12-07 14:33:00,17.69413653,16.0875,57.99,,1,1,0,0,0,4
2023-12-07 14:34:00,324053.4315,16.0875,57.99,,1,1,2,0,0,4
2023-12-07 14:35:00,323462.6322,16.0875,57.99,,1,1,1,0,0,4
2023-12-07 14:36:00,16.046536,16.0875,57.99,,1,1,0,0,0,4
2023-12-07 14:37:00,25.84310669,16.0875,57.99,,1,1,0,0,0,4
2023-12-07 14:38:00,19.41630856,16.0875,57.99,,1,1,0,0,0,4
2023-12-07 14:39:00,324053.4315,16.0875,57.99,,1,1,2,0,0,4
2023-12-07 14:40:00,323758.0318,16.0875,57.99,,1,1,1,0,0,4
2023-12-07 14:41:00,17.6833998,16.0875,57.99,,1,1,0,0,0,3
2023-12-07 14:42:00,31.2701591,16.0875,57.99,,1,1,0,0,0,4
2023-12-07 14:43:00,21.35793942,16.0875,57.99,,1,1,0,0,0,4
2023-12-07 14:44:00,324201.1313,16.0875,57.99,,1,1,2,0,0,3
2023-12-07 14:45:00,323462.6322,16.0875,57.99,,1,1,1,0,0,5
2023-12-07 14:46:00,19.39859295,16.0875,57.99,,1,1,0,0,0,4
2023-12-07 14:47:00,17.6672947,16.0875,57.99,,1,1,0,0,0,3
2023-12-07 14:48:00,17.6672947,16.0875,57.99,,1,1,0,0,0,4
2023-12-07 14:49:00,323905.7316,16.0875,57.99,,1,1,2,0,0,4
2023-12-07 14:50:00,323167.2325,16.0875,57.99,,1,1,1,0,0,5
2023-12-07 14:51:00,25.86668617,16.0875,57.99,,1,1,0,0,0,3
2023-12-07 14:52:00,17.69413653,16.0875,57.99,,1,1,0,0,0,4
2023-12-07 14:53:00,19.41630856,16.0875,57.99,,1,1,0,0,0,4
2023-12-07 14:54:00,323462.6322,16.0875,57.99,,1,1,2,0,0,4
2023-12-07 14:55:00,323462.6322,16.0875,57.99,,1,1,0,0,0,4
2023-12-07 14:56:00,323758.0318,16.0875,57.99,,1,1,1,0,0,3
2023-12-07 14:57:00,21.35793942,16.0875,57.99,,1,1,0,0,0,4
2023-12-07 14:58:00,17.6672947,16.0875,57.99,,1,1,0,0,0,4
2023-12-07 14:59:00,323167.2325,,57.99,,1,1,2,0,0,4
2023-12-07 15:00:00,323462.6322,16.0875,57.99,,1,1,0,0,0,4
2023-12-07 15:01:00,323462.6322,16.0875,57.99,,1,1,1,0,0,4
2023-12-07 15:02:00,17.6511896,16.0875,57.99,,1,1,0,0,0,5
2023-12-07 15:03:00,16.046536,16.0875,57.99,,1,1,0,0,0,3
2023-12-07 15:04:00,323462.6322,16.0875,57.99,,1,1,2,0,0,4
2023-12-07 15:05:00,323462.6322,16.0875,57.99,,1,1,0,0,0,4
2023-12-07 15:06:00,323462.6322,16.0875,57.99,,1,1,1,0,0,4
2023-12-07 15:07:00,19.41630856,16.0875,57.99,,1,1,0,0,0,4
2023-12-07 15:08:00,17.6511896,16.0875,57.99,,1,1,0,0,0,4
2023-12-07 15:09:00,323462.6322,16.0875,57.99,,1,1,1,0,0,4
2023-12-07 15:10:00,323758.0318,16.0875,57.99,,1,1,1,0,0,3
2023-12-07 15:11:00,323462.6322,16.0875,57.99,,1,1,1,0,0,4
2023-12-07 15:12:00,31.24162793,16.0875,57.99,,1,1,0,0,0,5
2023-12-07 15:13:00,21.35793942,16.0875,57.99,,1,1,0,0,0,4
2023-12-07 15:14:00,323758.0318,16.0875,57.99,,1,1,1,0,0,4
2023-12-07 15:15:00,323462.6322,16.0875,57.99,,1,1,1,0,0,3
2023-12-07 15:16:00,323462.6322,16.0875,57.99,,1,1,1,0,0,4
2023-12-07 15:17:00,25.84310669,16.0875,57.99,,1,1,0,0,0,4
2023-12-07 15:18:00,31.2701591,16.0875,57.99,,1,1,0,0,0,4
2023-12-07 15:19:00,323462.6322,16.0875,57.99,,1,1,1,0,0,4
2023-12-07 15:20:00,323462.6322,16.0875,57.99,,1,1,1,0,0,4
2023-12-07 15:21:00,323462.6322,16.0875,57.99,,1,1,1,0,0,4
2023-12-07 15:22:00,19.41630856,16.0875,57.99,,1,1,0,0,0,4
2023-12-07 15:23:00,21.35793942,16.0875,57.99,,1,1,0,0,0,4
2023-12-07 15:24:00,323462.6322,16.0875,57.99,,1,1,1,0,0,4
2023-12-07 15:25:00,323758.0318,16.0875,57.99,,1,1,1,0,0,3
2023-12-07 15:26:00,323462.6322,16.0875,57.99,,1,1,1,0,0,4
2023-12-07 15:27:00,19.41630856,16.0875,57.99,,1,1,0,0,0,4
2023-12-07 15:28:00,19.41630856,16.0875,57.99,,1,1,0,0,0,4
2023-12-07 15:29:00,16.0831385,16.0875,57.99,,1,1,0,0,0,3
2023-12-07 15:30:00,324053.4315,16.0875,57.99,,1,1,2,0,0,4
2023-12-07 15:31:00,323462.6322,16.0875,57.99,,1,1,1,0,0,4
2023-12-07 15:32:00,17.6672947,16.0875,57.99,,1,1,0,0,0,3
2023-12-07 15:33:00,21.35793942,16.0875,57.99,,1,1,0,0,0,4
2023-12-07 15:34:00,16.061177,16.0875,57.99,,1,1,0,0,0,4
2023-12-07 15:35:00,324053.4315,16.0875,57.99,,1,1,2,0,0,3
2023-12-07 15:36:00,323462.6322,16.0875,57.99,,1,1,1,0,0,4
2023-12-07 15:37:00,17.6511896,16.0875,57.99,,1,1,0,0,0,4
2023-12-07 15:38:00,31.29869027,16.0875,57.99,,1,1,0,0,0,3
2023-12-07 15:39:00,19.41630856,16.0875,57.99,,1,1,0,0,0,4
2023-12-07 15:40:00,324201.1313,16.0875,57.99,,1,1,2,0,0,3
2023-12-07 15:41:00,323462.6322,16.0875,57.99,,1,1,1,0,0,4
2023-12-07 15:42:00,16.08557867,16.0875,57.99,,1,1,0,0,0,4
2023-12-07 15:43:00,16.0831385,16.0875,57.99,,1,1,0,0,0,3
2023-12-07 15:44:00,17.6511896,16.0875,57.99,,1,1,0,0,0,4
2023-12-07 15:45:00,324053.4315,16.0875,57.99,,1,1,2,0,0,4
2023-12-07 15:46:00,323758.0318,16.0875,57.99,,1,1,1,0,0,3
2023-12-07 15:47:00,16.090459,16.0875,57.99,,1,1,0,0,0,5
2023-12-07 15:48:00,17.6833998,16.0875,57.99,,1,1,0,0,0,4
2023-12-07 15:49:00,19.41630856,16.0875,57.99,,1,1,0,0,0,4
2023-12-07 15:50:00,324201.1313,16.0875,57.99,,1,1,2,0,0,3
2023-12-07 15:51:00,323462.6322,16.0875,57.99,,1,1,1,0,0,4
2023-12-07 15:52:00,17.6511896,16.0875,57.99,,1,1,0,0,0,4
2023-12-07 15:53:00,16.075818,16.0875,57.99,,1,1,0,0,0,4
2023-12-07 15:54:00,17.6672947,16.0875,57.99,,1,1,0,0,0,3
2023-12-07 15:55:00,324053.4315,16.0875,57.99,,1,1,2,0,0,4
2023-12-07 15:56:00,323462.6322,16.0875,57.99,,1,1,1,0,0,5
2023-12-07 15:57:00,19.39859295,16.0875,57.99,,1,1,0,0,0,4
2023-12-07 15:58:00,16.08557867,16.0875,57.99,,1,1,0,0,0,4
2023-12-07 15:59:00,25.84310669,16.0875,57.99,,1,1,0,0,0,4
2023-12-07 16:00:00,324053.4315,16.0875,57.99,,1,1,2,0,0,4
2023-12-07 16:01:00,323462.6322,16.0875,57.99,,1,1,1,0,0,4
2023-12-07 16:02:00,19.43402417,16.0875,57.99,,1,1,0,0,0,3
2023-12-07 16:03:00,21.35793942,16.0875,57.99,,1,1,0,0,0,4
2023-12-07 16:04:00,19.41630856,16.0875,57.99,,1,1,0,0,0,4
2023-12-07 16:05:00,324053.4315,16.0875,57.99,,1,1,2,0,0,4
2023-12-07 16:06:00,17.6511896,16.0875,57.99,,1,1,0,0,0,4
2023-12-07 16:07:00,323462.6322,16.0875,57.99,,1,1,1,0,0,4
2023-12-07 16:08:00,21.35793942,16.0875,57.99,,1,1,0,0,0,4
2023-12-07 16:09:00,21.35793942,16.0875,57.99,,1,1,0,0,0,4
2023-12-07 16:10:00,323462.6322,16.0875,57.99,,1,1,2,0,0,4
2023-12-07 16:11:00,323758.0318,16.0875,57.99,,1,1,0,0,0,3
2023-12-07 16:12:00,323462.6322,16.0875,57.99,,1,1,1,0,0,4
2023-12-07 16:13:00,17.69145235,16.0875,57.99,,1,1,0,0,0,4
2023-12-07 16:14:00,17.67534725,16.0875,57.99,,1,1,0,0,0,4
2023-12-07 16:15:00,323462.6322,16.0875,57.99,,1,1,2,0,0,4
2023-12-07 16:16:00,323462.6322,16.0875,,,1,1,0,0,0,4
2023-12-07 16:17:00,323462.6322,16.0875,57.99,,1,1,1,0,0,4
2023-12-07 16:18:00,19.41630856,16.0875,57.99,,1,1,0,0,0,4
2023-12-07 16:19:00,23.51516925,16.0875,57.99,,1,1,0,0,0,3
2023-12-07 16:20:00,323462.6322,16.0875,57.99,,1,1,2,0,0,4
2023-12-07 16:21:00,323462.6322,16.0875,57.99,,1,1,0,0,0,4
2023-12-07 16:22:00,323462.6322,16.0875,57.99,,1,1,1,0,0,5
2023-12-07 16:23:00,17.6511896,16.0875,57.99,,1,1,0,0,0,3
2023-12-07 16:24:00,25.84310669,16.0875,57.99,,1,1,0,0,0,4
2023-12-07 16:25:00,323462.6322,16.0875,57.99,,1,1,1,0,0,4
2023-12-07 16:26:00,323758.0318,16.0875,57.99,,1,1,1,0,0,3
2023-12-07 16:27:00,323462.6322,16.0875,57.99,,1,1,1,0,0,4
2023-12-07 16:28:00,21.35793942,16.0875,57.99,,1,1,0,0,0,4
2023-12-07 16:29:00,19.46355019,16.0875,57.99,,1,1,0,0,0,4
2023-12-07 16:30:00,323462.6322,16.0875,57.99,,1,1,1,0,0,4
2023-12-07 16:31:00,323462.6322,16.0875,57.99,,1,1,1,0,0,4
2023-12-07 16:32:00,323758.0318,16.0875,57.99,,1,1,1,0,0,3
2023-12-07 16:33:00,17.6833998,16.0875,57.99,,1,1,0,0,0,4
2023-12-07 16:34:00,31.2701591,16.0875,57.99,,1,1,0,0,0,4
2023-12-07 16:35:00,323462.6322,16.0875,57.99,,1,1,1,0,0,4
2023-12-07 16:36:00,323462.6322,16.0875,57.99,,1,1,1,0,0,4
2023-12-07 16:37:00,323462.6322,16.0875,57.99,,1,1,1,0,0,4
2023-12-07 16:38:00,19.41630856,16.0875,57.99,,1,1,0,0,0,4
2023-12-07 16:39:00,21.35793942,16.0875,57.99,,1,1,0,0,0,4
2023-12-07 16:40:00,323462.6322,16.0875,57.99,,1,1,1,0,0,4
2023-12-07 16:41:00,323462.6322,16.0875,57.99,,1,1,1,0,0,4
2023-12-07 16:42:00,323462.6322,16.0875,57.99,,1,1,1,0,0,4
2023-12-07 16:43:00,17.6833998,16.0875,57.99,,1,1,0,0,0,4
2023-12-07 16:44:00,16.08557867,16.0875,57.99,,1,1,0,0,0,4
2023-12-07 16:45:00,16.061177,16.0875,57.99,,1,1,0,0,0,3
2023-12-07 16:46:00,324053.4315,16.0875,57.99,,1,1,2,0,0,4
2023-12-07 16:47:00,323462.6322,16.0875,57.99,,1,1,1,0,0,4
2023-12-07 16:48:00,19.41630856,16.0875,57.99,,1,1,0,0,0,5
2023-12-07 16:49:00,21.35793942,16.0875,57.99,,1,1,0,0,0,4
2023-12-07 16:50:00,16.046536,16.0875,57.99,,1,1,0,0,0,3
2023-12-07 16:51:00,324053.4315,16.0875,57.99,,1,1,2,0,0,4
2023-12-07 16:52:00,323462.6322,16.0875,57.99,,1,1,1,0,0,4
2023-12-07 16:53:00,17.6511896,16.0875,57.99,,1,1,0,0,0,4
2023-12-07 16:54:00,16.0831385,16.0875,57.99,,1,1,0,0,0,3
2023-12-07 16:55:00,17.6833998,16.0875,57.99,,1,1,0,0,0,5
2023-12-07 16:56:00,324053.4315,16.0875,57.99,,1,1,2,0,0,3
2023-12-07 16:57:00,323462.6322,16.0875,57.99,,1,1,1,0,0,5
2023-12-07 16:58:00,17.6511896,16.0875,57.99,,1,1,0,0,0,3
2023-12-07 16:59:00,19.41630856,16.0875,57.99,,1,1,0,0,0,4
2023-12-07 17:00:00,17.69145235,16.0875,57.99,,1,1,0,0,0,3
2023-12-07 17:01:00,324053.4315,16.0875,57.99,,1,1,2,0,0,4
2023-12-07 17:02:00,323462.6322,16.0875,57.99,,1,1,1,0,0,4
2023-12-07 17:03:00,21.37742659,16.0875,57.99,,1,1,0,0,0,3
2023-12-07 17:04:00,21.35793942,16.0875,57.99,,1,1,0,0,0,4
2023-12-07 17:05:00,17.6672947,16.0875,57.99,,1,1,0,0,0,4
2023-12-07 17:06:00,323905.7316,16.0875,57.99,,1,1,2,0,0,4
2023-12-07 17:07:00,323758.0318,16.0875,57.99,,1,1,1,0,0,3
2023-12-07 17:08:00,17.67534725,16.0875,57.99,,1,1,0,0,0,5
2023-12-07 17:09:00,17.6672947,16.0875,57.99,,1,1,0,0,0,3
2023-12-07 17:10:00,17.6511896,16.0875,57.99,,1,1,0,0,0,4
2023-12-07 17:11:00,324053.4315,16.0875,57.99,,1,1,2,0,0,4
2023-12-07 17:12:00,323462.6322,16.0875,57.99,,1,1,1,0,0,4
2023-12-07 17:13:00,17.6511896,16.0875,57.99,,1,1,0,0,0,4
2023-12-07 17:14:00,16.075818,16.0875,57.99,,1,1,0,0,0,4
2023-12-07 17:15:00,23.51516925,16.0875,57.99,,1,1,0,0,0,3
2023-12-07 17:16:00,324053.4315,16.0875,57.99,,1,1,2,0,0,4
2023-12-07 17:17:00,323462.6322,16.0875,57.99,,1,1,1,0,0,4
2023-12-07 17:18:00,16.061177,16.0875,57.99,,1,1,0,0,0,4
2023-12-07 17:19:00,19.39859295,16.0875,57.99,,1,1,0,0,0,4
2023-12-07 17:20:00,17.6511896,16.0875,57.99,,1,1,0,0,0,4
2023-12-07 17:21:00,323905.7316,16.0875,57.99,,1,1,2,0,0,5
2023-12-07 17:22:00,17.6511896,16.0875,57.99,,1,1,0,0,0,4
2023-12-07 17:23:00,323462.6322,16.0875,57.99,,1,1,1,0,0,4
2023-12-07 17:24:00,19.41630856,16.0875,57.99,,1,1,0,0,0,4
2023-12-07 17:25:00,19.43402417,16.0875,57.99,,1,1,0,0,0,3
2023-12-07 17:26:00,323462.6322,16.0875,57.99,,1,1,2,0,0,4
2023-12-07 17:27:00,323462.6322,16.0875,57.99,,1,1,0,0,0,4
2023-12-07 17:28:00,323462.6322,16.0875,57.99,,1,1,1,0,0,4
2023-12-07 17:29:00,21.35793942,16.0875,57.99,,1,1,0,0,0,4
2023-12-07 17:30:00,23.49373336,16.0875,57.99,,1,1,0,0,0,4
2023-12-07 17:31:00,323462.6322,16.0875,57.99,,1,1,2,0,0,4
2023-12-07 17:32:00,323462.6322,16.0875,57.99,,1,1,0,0,0,4
2023-12-07 17:33:00,323167.2325,16.0875,57.99,,1,1,1,0,0,5
2023-12-07 17:34:00,17.6672947,,57.99,,1,1,0,0,0,3
2023-12-07 17:35:00,17.6833998,16.0875,57.99,,1,1,0,0,0,4
2023-12-07 17:36:00,323758.0318,16.0875,57.99,,1,1,1,0,0,3
2023-12-07 17:37:00,323758.0318,16.0875,57.99,,1,1,1,0,0,3
2023-12-07 17:38:00,323462.6322,16.0875,57.99,,1,1,1,0,0,5
2023-12-07 17:39:00,19.41630856,16.0875,57.99,,1,1,0,0,0,4
2023-12-07 17:40:00,31.2701591,16.0875,57.99,,1,1,0,0,0,3
2023-12-07 17:41:00,323462.6322,16.0875,57.99,,1,1,1,0,0,4
2023-12-07 17:42:00,323462.6322,16.0875,57.99,,1,1,1,0,0,4
2023-12-07 17:43:00,323462.6322,16.0875,57.99,,1,1,1,0,0,4
2023-12-07 17:44:00,21.35793942,16.0875,57.99,,1,1,0,0,0,4
2023-12-07 17:45:00,21.33845225,16.0875,57.99,,1,1,0,0,0,5
2023-12-07 17:46:00,323462.6322,16.0875,57.99,,1,1,1,0,0,4
2023-12-07 17:47:00,323462.6322,16.0875,57.99,,1,1,1,0,0,4
2023-12-07 17:48:00,323758.0318,16.0875,57.99,,1,1,1,0,0,3
2023-12-07 17:49:00,17.6833998,16.0875,57.99,,1,1,0,0,0,4
2023-12-07 17:50:00,16.075818,16.0875,57.99,,1,1,0,0,0,4
2023-12-07 17:51:00,323462.6322,16.0875,57.99,,1,1,1,0,0,4
2023-12-07 17:52:00,323462.6322,16.0875,57.99,,1,1,1,0,0,4
2023-12-07 17:53:00,323462.6322,16.0875,57.99,,1,1,1,0,0,4
2023-12-07 17:54:00,17.6511896,16.0875,57.99,,1,1,0,0,0,4
2023-12-07 17:55:00,16.075818,16.0875,57.99,,1,1,0,0,0,4
2023-12-07 17:56:00,323758.0318,16.0875,57.99,,1,1,1,0,0,3
2023-12-07 17:57:00,323758.0318,16.0875,57.99,,1,1,1,0,0,4
2023-12-07 17:58:00,323167.2325,16.0875,57.99,,1,1,1,0,0,4
2023-12-07 17:59:00,19.43402417,16.0875,57.99,,1,1,0,0,0,3
2023-12-07 18:00:00,19.41630856,16.0875,57.99,,1,1,0,0,0,4
2023-12-07 18:01:00,17.6672947,16.0875,57.99,,1,1,0,0,0,3
2023-12-07 18:02:00,324053.4315,16.0875,57.99,,1,1,2,0,0,4
2023-12-07 18:03:00,323462.6322,16.0875,57.99,,1,1,1,0,0,4
2023-12-07 18:04:00,17.6511896,16.0875,57.99,,1,1,0,0,0,4
2023-12-07 18:05:00,17.6511896,16.0875,57.99,,1,1,0,0,0,4
2023-12-07 18:06:00,16.075818,16.0875,57.99,,1,1,0,0,0,4
2023-12-07 18:07:00,324201.1313,16.0875,57.99,,1,1,2,0,0,3
2023-12-07 18:08:00,323462.6322,16.0875,57.99,,1,1,1,0,0,4
2023-12-07 18:09:00,19.41630856,16.0875,57.99,,1,1,0,0,0,4
2023-12-07 18:10:00,17.6833998,16.0875,57.99,,1,1,0,0,0,4
2023-12-07 18:11:00,17.6833998,16.0875,57.99,,1,1,0,0,0,4
2023-12-07 18:12:00,324053.4315,16.0875,57.99,,1,1,2,0,0,4
2023-12-07 18:13:00,323758.0318,16.0875,57.99,,1,1,1,0,0,3
2023-12-07 18:14:00,16.061177,16.0875,57.99,,1,1,0,0,0,3
2023-12-07 18:15:00,19.41630856,16.0875,57.99,,1,1,0,0,0,4
2023-12-07 18:16:00,17.6350845,16.0875,57.99,,1,1,0,0,0,5
2023-12-07 18:17:00,324053.4315,16.0875,57.99,,1,1,2,0,0,4
2023-12-07 18:18:00,323462.6322,16.0875,57.99,,1,1,1,0,0,3
2023-12-07 18:19:00,17.6833998,16.0875,57.99,,1,1,0,0,0,4
2023-12-07 18:20:00,14.62325333,16.0875,57.99,,1,1,0,0,0,4
2023-12-07 18:21:00,23.49373336,16.0875,57.99,,1,1,0,0,0,4
2023-12-07 18:22:00,324201.1313,16.0875,57.99,,1,1,2,0,0,3
2023-12-07 18:23:00,323462.6322,16.0875,57.99,,1,1,1,0,0,4
2023-12-07 18:24:00,25.84310669,16.0875,57.99,,1,1,0,0,0,4
2023-12-07 18:25:00,31.2701591,16.0875,57.99,,1,1,0,0,0,3
2023-12-07 18:26:00,17.69413653,16.0875,57.99,,1,1,0,0,0,4
2023-12-07 18:27:00,324053.4315,16.0875,57.99,,1,1,2,0,0,5
2023-12-07 18:28:00,323167.2325,16.0875,57.99,,1,1,1,0,0,4
2023-12-07 18:29:00,23.49373336,16.0875,57.99,,1,1,0,0,0,4
2023-12-07 18:30:00,14.62325333,16.0875,57.99,,1,1,0,0,0,4
2023-12-07 18:31:00,17.6833998,16.0875,57.99,,1,1,0,0,0,4
2023-12-07 18:32:00,324053.4315,16.0875,57.99,,1,1,2,0,0,4
2023-12-07 18:33:00,323462.6322,16.0875,57.99,,1,1,1,0,0,4
2023-12-07 18:34:00,17.6833998,16.0875,57.99,,1,1,0,0,0,4
2023-12-07 18:35:00,17.69145235,16.0875,57.99,,1,1,0,0,0,4
2023-12-07 18:36:00,19.41630856,16.0875,57.99,,1,1,0,0,0,4
2023-12-07 18:37:00,323462.6322,16.0875,57.99,4453.863034,1,1,2,0,0,3
2023-12-07 18:38:00,323758.0318,48.425,57.98,,2,1,0,0,0,5
2023-12-07 18:39:00,323462.6322,16.0875,57.98,,2,0,1,0,0,3
2023-12-07 18:40:00,21.35793942,16.0875,57.98,,2,0,0,0,0,4
2023-12-07 18:41:00,19.41630856,16.0875,57.98,,2,0,0,0,0,3
2023-12-07 18:42:00,323758.0318,16.0875,53.99,,1,1,2,0,0,4
2023-12-07 18:43:00,323462.6322,16.0875,53.99,,1,1,0,0,0,4
2023-12-07 18:44:00,323758.0318,16.0875,53.99,,1,1,1,0,0,3
2023-12-07 18:45:00,21.35793942,16.0875,53.99,,1,1,0,0,0,4
2023-12-07 18:46:00,19.41630856,16.0875,53.99,,1,1,0,0,0,5
2023-12-07 18:47:00,323167.2325,16.0875,53.99,,1,1,2,0,0,4
2023-12-07 18:48:00,323462.6322,16.0875,53.99,,1,1,0,0,0,4
2023-12-07 18:49:00,323462.6322,16.0875,53.99,,1,1,1,0,0,3
2023-12-07 18:50:00,16.0831385,16.0875,53.99,,1,1,0,0,0,4
2023-12-07 18:51:00,21.39691376,16.0875,53.99,,1,1,0,0,0,4
2023-12-07 18:52:00,323462.6322,16.0875,53.99,,1,1,2,0,0,4
2023-12-07 18:53:00,323758.0318,16.0875,53.99,,1,1,0,0,0,3
2023-12-07 18:54:00,323462.6322,16.0875,53.99,,1,1,1,0,0,4
2023-12-07 18:55:00,19.41630856,16.0875,48.99,,1,1,0,0,0,3
2023-12-07 18:56:00,16.090459,16.0875,48.99,,1,1,0,0,0,4
2023-12-07 18:57:00,323758.0318,16.0875,48.99,,1,1,2,0,0,3
2023-12-07 18:58:00,323462.6322,16.0875,48.99,,1,1,0,0,0,4
2023-12-07 18:59:00,323758.0318,16.0875,48.99,,1,1,1,0,0,3
2023-12-07 19:00:00,19.43402417,16.0875,48.99,,1,1,0,0,0,3
